старо име;ново име;продукт/място;къде
hero-2400x1000.webp;kashta-s-rezervno-zahranvane-po-vreme-na-burya.webp;pages home — layout;Медия № 1
--160x160.webp;portativni-elektrocentrali.webp;categories portativni-elektrocentrali — icon;Медия № 3
delta-pro-ultra-x-900x900.webp;delta-pro-ultra-x-1.webp;продукт delta-pro-ultra-x — главна снимка;Медия № 11
delta-3-ultra-900x900.webp;delta-3-ultra-1.webp;продукт delta-3-ultra — главна снимка;Медия № 13
delta-2-max-900x900.webp;delta-2-max-1.webp;продукт delta-2-max — главна снимка;Медия № 16
powerocean-dc-fit-900x900.webp;powerocean-dc-fit-produktova-snimka.webp;menu-panels powerocean-2 — sections;Медия № 19
powerocean-plus-900x900.webp;powerocean-plus-produktova-snimka.webp;menu-panels powerocean-2 — sections;Медия № 20
400w--900x900.webp;solaren-panel-400w-1.webp;продукт solaren-panel-400w — главна снимка;Медия № 23
smart-home-panel-2-900x900.webp;smart-home-panel-2-1.webp;продукт smart-home-panel-2 — главна снимка;Медия № 25
--800x600.webp;klient-ot-sofiya.webp;testimonials 1 — image;Медия № 27
if-design-award-240x96.webp;logo-na-if-design-award.webp;awards iF Design Award — logo;Медия № 31
red-dot-240x96.webp;logo-na-red-dot.webp;awards Red Dot — logo;Медия № 32
good-design-240x96.webp;logo-na-good-design.webp;awards Good Design — logo;Медия № 33
ces-innovation-240x96.webp;logo-na-ces-innovation.webp;awards CES Innovation — logo;Медия № 34
time-best-inventions-240x96.webp;logo-na-time-best-inventions.webp;awards TIME Best Inventions — logo;Медия № 35
--2400x800.webp;domashna-bateriyna-sistema-v-maze.webp;pages home — layout;Медия № 36
--1200x750.webp;programa-za-zamyana-na-star-ured.webp;pages home — layout;Медия № 40
powerocean-1200x750.webp;domashna-bateriyna-sistema-powerocean.webp;pages home — layout;Медия № 41
--400x400.webp;oshte-produkti-v-kategoriyata.webp;pages home — layout;Медия № 44
Ecoflow.webp;ecoflow-logo.webp;глобал site-settings — logoDark;Медия № 95
ecoflow-delta-3-classic-1024wh-portable-power-station-1218691755_2000x.webp;delta-3-classic-1.webp;продукт delta-3-classic — главна снимка;Медия № 96, content/delta-3-classic
ecoflow-delta-3-classic-1024wh-portable-power-station-1218691756_2000x.webp;delta-3-classic-2.webp;продукт delta-3-classic — галерия 2;Медия № 97, content/delta-3-classic
ecoflow-delta-3-classic-1024wh-portable-power-station-1242802812_2000x.webp;delta-3-classic-3.webp;продукт delta-3-classic — галерия 3;Медия № 98, content/delta-3-classic
ecoflow-delta-3-classic-1024wh-portable-power-station-1227843557_2000x.jpg;delta-3-classic-4.jpg;продукт delta-3-classic — галерия 4;Медия № 99, content/delta-3-classic
ecoflow-delta-3-classic-1024wh-portable-power-station-1227843556_2000x.jpg;delta-3-classic-5.jpg;продукт delta-3-classic — галерия 5;Медия № 100, content/delta-3-classic
ecoflow-delta-3-classic-1024wh-portable-power-station-1227843555_2000x.webp;delta-3-classic-6.webp;продукт delta-3-classic — галерия 6;Медия № 101, content/delta-3-classic
ecoflow-delta-3-classic-1024wh-portable-power-station-1231866624_2000x.webp;delta-3-classic-7.webp;продукт delta-3-classic — галерия 7;Медия № 102, content/delta-3-classic
ecoflow-delta-3-classic-1024wh-portable-power-station-1237498038_2000x.webp;delta-3-classic-8.webp;продукт delta-3-classic — галерия 8;Медия № 103, content/delta-3-classic
03-02-Outdoor_Work.jpg;delta-3-classic-1800w-moshtnost-3600w-pik-3.jpg;"продукт delta-3-classic — секция „1800W мощност, 3600W пик""";Медия № 104, content/delta-3-classic
03-01-Camping.jpg;delta-3-classic-1800w-moshtnost-3600w-pik-1.jpg;"продукт delta-3-classic — секция „1800W мощност, 3600W пик""";Медия № 105, content/delta-3-classic
05-Solar_Charging.jpg;delta-3-classic-tri-nachina-za-zarezhdane-2.jpg;"продукт delta-3-classic — секция „Три начина за зареждане""";Медия № 106, content/delta-3-classic
05-Car_Charging.jpg;delta-3-classic-tri-nachina-za-zarezhdane-3.jpg;"продукт delta-3-classic — секция „Три начина за зареждане""";Медия № 107, content/delta-3-classic
06_012f061a-09e5-43fd-b94d-e93b9b5504c6.jpg;delta-3-classic-kompakten-i-podvizhen-1.jpg;"продукт delta-3-classic — секция „Компактен и подвижен""";Медия № 108, content/delta-3-classic
05-AC_Charging.webp;delta-3-classic-tri-nachina-za-zarezhdane-1.webp;"продукт delta-3-classic — секция „Три начина за зареждане""";Медия № 109, content/delta-3-classic
04_4a9d492f-44aa-4639-9de4-8678c00375b6.webp;delta-3-classic-zareden-za-45-minuti-1.webp;"продукт delta-3-classic — секция „Зареден за 45 минути""";Медия № 110, content/delta-3-classic
07_707be1f4-f38a-4610-a46f-00cfc99a46d1.webp;delta-3-classic-prevklyuchva-za-milisekundi-1.webp;"продукт delta-3-classic — секция „Превключва за милисекунди""";Медия № 111, content/delta-3-classic
02-02.webp;delta-3-classic-1800w-moshtnost-3600w-pik-2.webp;"продукт delta-3-classic — секция „1800W мощност, 3600W пик""";Медия № 112, content/delta-3-classic
09.webp;delta-3-max-nenadminat-balans-za-nenadminat-1.webp;"продукт delta-3-max — секция „Ненадминат баланс за ненадминат""";Медия № 113, content/delta-3-classic, content/delta-3-max, content/delta-3-max-plus
10_820a8008-d66a-4177-b0d9-97943ccd356e.webp;delta-3-classic-poveche-informaciya-po-lesno-upravlenie-1.webp;"продукт delta-3-classic — секция „Повече информация, по-лесно управление""";Медия № 114, content/delta-3-classic
08_d1f399c6-8ca2-4a1f-8780-768ad3f0e985.webp;delta-3-max-palnokontaktni-lfp-kletki-ot-1.webp;"продукт delta-3-max — секция „Пълноконтактни LFP клетки от""";Медия № 115, content/delta-3-classic, content/delta-3-max, content/delta-3-max-plus
01_25653e45-72da-49fd-b077-cad440edb445.png;delta-3-classic-pregled-1.png;"продукт delta-3-classic — секция „Преглед""";Медия № 116, content/delta-3-classic
kutiya-kabel.webp;delta-3-plus-kakvo-ima-v-kutiyata-2.webp;"продукт delta-3-plus — секция „Какво има в кутията""";Медия № 117, content/delta-3, content/delta-3-classic, content/delta-3-max, content/delta-3-max-plus, content/delta-3-plus, content/delta-3-ultra-plus, content/river-3, content/river-3-max, content/river-3-max-plus, content/river-3-max-plus-wireless, content/river-3-plus, content/river-3-plus-wireless, content/river-3-ups, content/solaren-panel-nextgen-220w-bifacial
kutiya-rakovodstvo.webp;delta-3-plus-kakvo-ima-v-kutiyata-3.webp;"продукт delta-3-plus — секция „Какво има в кутията""";Медия № 118, content/delta-3, content/delta-3-classic, content/delta-3-max, content/delta-3-max-plus, content/delta-3-plus, content/delta-3-ultra-plus, content/river-3, content/river-3-max, content/river-3-max-plus, content/river-3-max-plus-wireless, content/river-3-plus, content/river-3-plus-wireless, content/river-3-ups, content/solaren-panel-110w-lightweight, content/solaren-panel-160w, content/solaren-panel-160w-lightweight, content/solaren-panel-220w-lightweight, content/solaren-panel-400w-lightweight, content/solaren-panel-nextgen-220w-bifacial
EcoFlow.png;ecoflow-balgariya-logo.png;глобал header — logo;Медия № 119
ecoflow-delta-3-max-series-portable-power-station-1197150547_2000x.webp;delta-3-max-1.webp;продукт delta-3-max — главна снимка;Медия № 120, content/delta-3-max
ecoflow-delta-3-max-series-portable-power-station-1197150546_2000x.webp;delta-3-max-2.webp;продукт delta-3-max — галерия 2;Медия № 121, content/delta-3-max
ecoflow-delta-3-max-series-2048wh-portable-power-station-1214367335_2000x.webp;delta-3-max-3.webp;продукт delta-3-max — галерия 3;Медия № 122, content/delta-3-max
ecoflow-delta-3-max-series-2048wh-portable-power-station-1214367342_2000x.webp;delta-3-max-4.webp;продукт delta-3-max — галерия 4;Медия № 123, content/delta-3-max
ecoflow-delta-3-max-series-2048wh-portable-power-station-1244018670_2000x.webp;delta-3-max-5.webp;продукт delta-3-max — галерия 5;Медия № 124, content/delta-3-max
11_9d785f80-8335-40d4-a14c-2abb0110178a.jpg;delta-3-max-izklyuchitelno-gavkavo-pet-nachina-1.jpg;"продукт delta-3-max — секция „Изключително гъвкаво: пет начина""";Медия № 125, content/delta-3-max, content/delta-3-max-plus
03_06_Laundry_Room.jpg;delta-3-max-2400w-izhod-4800w-pik-5.jpg;"продукт delta-3-max — секция „2400W изход, 4800W пик""";Медия № 126, content/delta-3-max, content/delta-3-max-plus
02_0ce55bda-deee-4204-88ae-b2d4993b4ec6.jpg;delta-3-max-2400w-izhod-2-kwh-1.jpg;"продукт delta-3-max — секция „2400W изход, 2 kWh""";Медия № 127, content/delta-3-max, content/delta-3-max-plus
12_02_Solar_Charging.jpg;delta-3-max-zarezhdane-2.jpg;"продукт delta-3-max — секция „Зареждане""";Медия № 128, content/delta-3-max, content/delta-3-max-plus
12_01_AC_Charging_a3ef6201-bfa1-4a5d-86d0-30ae084ddda0.webp;delta-3-max-zarezhdane-1.webp;"продукт delta-3-max — секция „Зареждане""";Медия № 129, content/delta-3-max, content/delta-3-max-plus
12_03_Alternator_Charging.webp;delta-3-max-zarezhdane-3.webp;"продукт delta-3-max — секция „Зареждане""";Медия № 130, content/delta-3-max, content/delta-3-max-plus
12_05_Solar_Alternator_Dual_Charging.webp;delta-3-max-zarezhdane-5.webp;"продукт delta-3-max — секция „Зареждане""";Медия № 131, content/delta-3-max, content/delta-3-max-plus
12_04_Generator_Charging.webp;delta-3-max-zarezhdane-4.webp;"продукт delta-3-max — секция „Зареждане""";Медия № 132, content/delta-3-max, content/delta-3-max-plus
03_04_Office.webp;delta-3-max-2400w-izhod-4800w-pik-4.webp;"продукт delta-3-max — секция „2400W изход, 4800W пик""";Медия № 133, content/delta-3-max, content/delta-3-max-plus
03_01_Kitchen.jpg;delta-3-max-2400w-izhod-4800w-pik-1.jpg;"продукт delta-3-max — секция „2400W изход, 4800W пик""";Медия № 134, content/delta-3-max, content/delta-3-max-plus
03_02_Living_Room_EU.jpg;delta-3-max-2400w-izhod-4800w-pik-2.jpg;"продукт delta-3-max — секция „2400W изход, 4800W пик""";Медия № 135, content/delta-3-max, content/delta-3-max-plus
03_03_RV_Camping.png;delta-3-max-2400w-izhod-4800w-pik-3.png;"продукт delta-3-max — секция „2400W изход, 4800W пик""";Медия № 137, content/delta-3-max, content/delta-3-max-plus
10.png;delta-3-max-sazdaden-da-izdarzha-1.png;"продукт delta-3-max — секция „Създаден да издържа""";Медия № 138, content/delta-3-max, content/delta-3-max-plus
01_EU_4d7a5521-a35b-40bf-a982-6546d3e75245.png;delta-3-max-pregled-1.png;"продукт delta-3-max — секция „Преглед""";Медия № 139, content/delta-3-max, content/delta-3-max-plus
13.webp;delta-3-max-po-zadalbochena-informaciya-po-lesen-kontrol-1.webp;"продукт delta-3-max — секция „По-задълбочена информация, по-лесен контрол""";Медия № 140, content/delta-3-max, content/delta-3-max-plus
14_f24a48ae-1624-4f0c-95a1-4ffd8e113372.webp;delta-3-max-bez-kompromis-s-komforta-1.webp;"продукт delta-3-max — секция „Без компромис с комфорта""";Медия № 141, content/delta-3-max, content/delta-3-max-plus
ecoflow-delta-3-max-series-2048wh-portable-power-station-1214367333_2000x.webp;delta-3-max-plus-1.webp;продукт delta-3-max-plus — главна снимка;Медия № 142, content/delta-3-max-plus
ecoflow-delta-3-max-series-2048wh-portable-power-station-1214367331_2000x.webp;delta-3-max-plus-2.webp;продукт delta-3-max-plus — галерия 2;Медия № 143, content/delta-3-max-plus
ecoflow-delta-3-max-series-2048wh-portable-power-station-1214367330_2000x.webp;delta-3-max-plus-3.webp;продукт delta-3-max-plus — галерия 3;Медия № 144, content/delta-3-max-plus
ecoflow-delta-3-max-series-2048wh-portable-power-station-1214367340_2000x.webp;delta-3-max-plus-4.webp;продукт delta-3-max-plus — галерия 4;Медия № 145, content/delta-3-max-plus
ecoflow-delta-3-max-series-2048wh-portable-power-station-1244018669_2000x.webp;delta-3-max-plus-5.webp;продукт delta-3-max-plus — галерия 5;Медия № 146, content/delta-3-max-plus
16_02.jpg;delta-3-max-plus-sekciya-15-2.jpg;продукт delta-3-max-plus — секция 15;Медия № 147, content/delta-3-max-plus
16_03.jpg;delta-3-max-plus-sekciya-15-3.jpg;продукт delta-3-max-plus — секция 15;Медия № 148, content/delta-3-max-plus
16_04.jpg;delta-3-max-plus-sekciya-15-4.jpg;продукт delta-3-max-plus — секция 15;Медия № 149, content/delta-3-max-plus
15.webp;delta-3-max-plus-razshiryaem-kapacitet-2-10-kwh-1.webp;"продукт delta-3-max-plus — секция „Разширяем капацитет 2–10 kWh""";Медия № 151, content/delta-3-max-plus
07-jpg.webp;delta-3-max-plus-lfp-kletki-ot-avtomobilen-1.webp;"продукт delta-3-max-plus — секция „LFP клетки от автомобилен""";Медия № 152, content/delta-3-max-plus
07-png.webp;delta-3-max-plus-kompakten-portativen-po-lek-ot-1.webp;"продукт delta-3-max-plus — секция „Компактен, портативен, по-лек от""";Медия № 153, content/delta-3-max-plus
03_05_Garage.png;delta-3-max-plus-3000w-izhod-6000w-pik-5.png;"продукт delta-3-max-plus — секция „3000W изход, 6000W пик""";Медия № 154, content/delta-3-max-plus
04_aa3a1887-b21c-44b2-8766-ac012078c38a.webp;delta-3-max-plus-vsichko-vazhno-vsichko-navednazh-1.webp;"продукт delta-3-max-plus — секция „Всичко важно. Всичко наведнъж.""";Медия № 155, content/delta-3-max-plus
16_01_EU.jpg;delta-3-max-plus-sekciya-15-1.jpg;продукт delta-3-max-plus — секция 15;Медия № 156, content/delta-3-max-plus
ecoflow-delta-3-series-portable-power-station-60905350299991.webp;delta-3-plus-1.webp;продукт delta-3-plus — главна снимка;Медия № 157, content/delta-3, content/delta-3-plus
ecoflow-delta-3-series-portable-power-station-60905350332759.webp;delta-3-plus-2.webp;продукт delta-3-plus — галерия 2;Медия № 158, content/delta-3, content/delta-3-plus
ecoflow-delta-3-series-portable-power-station-60175528657239.webp;delta-3-plus-3.webp;продукт delta-3-plus — галерия 3;Медия № 159, content/delta-3, content/delta-3-plus
ecoflow-delta-3-series-portable-power-station-1242802780.webp;delta-3-plus-4.webp;продукт delta-3-plus — галерия 4;Медия № 160, content/delta-3, content/delta-3-plus
ecoflow-delta-3-series-portable-power-station-1248890635.webp;delta-3-plus-5.webp;продукт delta-3-plus — галерия 5;Медия № 161, content/delta-3, content/delta-3-plus
PC_0_2_D3P_Main_KV.jpg;delta-3-plus-pregled-1.jpg;"продукт delta-3-plus — секция „Преглед""";Медия № 162, content/delta-3, content/delta-3-plus
PC_2_1_D3P_AC_Charging.webp;delta-3-plus-zarezhdane-1.webp;"продукт delta-3-plus — секция „Зареждане""";Медия № 163, content/delta-3, content/delta-3-plus
PC_2_2_D3P_Solar_Charging.webp;delta-3-plus-zarezhdane-2.webp;"продукт delta-3-plus — секция „Зареждане""";Медия № 164, content/delta-3, content/delta-3-plus
PC_2_3_D3P_Car_Charging.webp;delta-3-plus-zarezhdane-3.webp;"продукт delta-3-plus — секция „Зареждане""";Медия № 165, content/delta-3, content/delta-3-plus
PC_2_4_D3P_Multi-Charging.webp;delta-3-plus-zarezhdane-4.webp;"продукт delta-3-plus — секция „Зареждане""";Медия № 166, content/delta-3, content/delta-3-plus
PC_2_5_D3P__Generator_Charging.webp;delta-3-plus-zarezhdane-5.webp;"продукт delta-3-plus — секция „Зареждане""";Медия № 167, content/delta-3, content/delta-3-plus
PC_3_1_D3P_RV.jpg;delta-3-plus-moshten-izhod-nezabelezhima-rabota-1.jpg;"продукт delta-3-plus — секция „Мощен изход, незабележима работа""";Медия № 168, content/delta-3, content/delta-3-plus
PC_3_2_D3P_Home_backup.jpg;delta-3-plus-moshten-izhod-nezabelezhima-rabota-2.jpg;"продукт delta-3-plus — секция „Мощен изход, незабележима работа""";Медия № 169, content/delta-3, content/delta-3-plus
PC_3_3_D3P__Outdoors.jpg;delta-3-plus-moshten-izhod-nezabelezhima-rabota-3.jpg;"продукт delta-3-plus — секция „Мощен изход, незабележима работа""";Медия № 170, content/delta-3, content/delta-3-plus
PC_3_4_D3P_Professional_work.jpg;delta-3-plus-moshten-izhod-nezabelezhima-rabota-4.jpg;"продукт delta-3-plus — секция „Мощен изход, незабележима работа""";Медия № 171, content/delta-3, content/delta-3-plus
PC_4_1_D3P__11_Outputs.jpg;delta-3-plus-kompakten-i-portativen-vpisva-1.jpg;"продукт delta-3-plus — секция „Компактен и портативен вписва""";Медия № 172, content/delta-3, content/delta-3-plus
PC_4_2_D3P_Compact_and_lightweight.webp;delta-3-plus-kompakten-i-portativen-vpisva-2.webp;"продукт delta-3-plus — секция „Компактен и портативен вписва""";Медия № 173, content/delta-3, content/delta-3-plus
PC_5_1_D3P_X-Quiet.webp;delta-3-plus-ultra-tiha-rabota-30-1.webp;"продукт delta-3-plus — секция „Ултра тиха работа 30""";Медия № 174, content/delta-3, content/delta-3-plus
6_1_KSP_5-_Inteligent.jpg;delta-3-plus-spokoystvie-pri-avariya-udobstvo-1.jpg;"продукт delta-3-plus — секция „Спокойствие при авария, удобство""";Медия № 175, content/delta-3, content/delta-3-plus
D3P-UPS-EU-PC.jpg;delta-3-plus-nadezhdno-rezervno-zahranvane-za-1.jpg;"продукт delta-3-plus — секция „Надеждно резервно захранване за""";Медия № 176, content/delta-3, content/delta-3-plus
PC_8_1_D3P_LFP_Battery.webp;delta-3-plus-dalgotraen-i-izdrazhliv-nadezhdno-1.webp;"продукт delta-3-plus — секция „Дълготраен и издръжлив надеждно""";Медия № 177, content/delta-3, content/delta-3-plus
PC_8_2_D3P_IP65_Battery_Pack.webp;delta-3-plus-dalgotraen-i-izdrazhliv-nadezhdno-2.webp;"продукт delta-3-plus — секция „Дълготраен и издръжлив надеждно""";Медия № 178, content/delta-3, content/delta-3-plus
PC_8_3_D3P_BMS.webp;delta-3-plus-dalgotraen-i-izdrazhliv-nadezhdno-3.webp;"продукт delta-3-plus — секция „Дълготраен и издръжлив надеждно""";Медия № 179, content/delta-3, content/delta-3-plus
PC_9_1_D3P_Smaller_Size_Same_Power.jpg;delta-3-plus-gavkavo-razshiryavane-za-mnogo-1.jpg;"продукт delta-3-plus — секция „Гъвкаво разширяване за много""";Медия № 180, content/delta-3, content/delta-3-plus
PC_9_2_1_D3P_Extra_Battery_5x_the_Power.jpg;delta-3-plus-gavkavo-razshiryavane-za-mnogo-2.jpg;"продукт delta-3-plus — секция „Гъвкаво разширяване за много""";Медия № 181, content/delta-3, content/delta-3-plus
ecoflow-delta-pro-3-portable-power-station-58715243872599.png;delta-pro-3-1.png;продукт delta-pro-3 — главна снимка;Медия № 182, content/delta-pro-3
ecoflow-delta-pro-3-portable-power-station-58715243577687.png;delta-pro-3-2.png;продукт delta-pro-3 — галерия 2;Медия № 183, content/delta-pro-3
ecoflow-delta-pro-3-portable-power-station-58715243741527.png;delta-pro-3-3.png;продукт delta-pro-3 — галерия 3;Медия № 184, content/delta-pro-3
ecoflow-delta-pro-3-portable-power-station-58715243675991.png;delta-pro-3-4.png;продукт delta-pro-3 — галерия 4;Медия № 185, content/delta-pro-3
ecoflow-delta-pro-3-portable-power-station-58715243708759.png;delta-pro-3-5.png;продукт delta-pro-3 — галерия 5;Медия № 186, content/delta-pro-3
ecoflow-delta-pro-3-portable-power-station-58715243610455.png;delta-pro-3-6.png;продукт delta-pro-3 — галерия 6;Медия № 187, content/delta-pro-3
ecoflow-delta-pro-3-portable-power-station-58715243643223.png;delta-pro-3-7.png;продукт delta-pro-3 — галерия 7;Медия № 188, content/delta-pro-3
pc_eu_overview_22467963-dcc5-4216-83d2-5ad56e05fbcc.jpg;delta-pro-3-pregled-1.jpg;"продукт delta-pro-3 — секция „Преглед""";Медия № 189, content/delta-pro-3
pc_eu_Multiple_Devices_053c6553-b9e1-4211-b302-46c97b0f2098.jpg;delta-pro-3-prilozheniya-1.jpg;"продукт delta-pro-3 — секция „Приложения""";Медия № 190, content/delta-pro-3
pc_en_ON_site_DIY_Project.jpg;delta-pro-3-prilozheniya-2.jpg;"продукт delta-pro-3 — секция „Приложения""";Медия № 191, content/delta-pro-3
pc_eu_EV_Charging_e9ed308a-9d68-4f2c-9145-703dafe9ec74.jpg;delta-pro-3-prilozheniya-3.jpg;"продукт delta-pro-3 — секция „Приложения""";Медия № 192, content/delta-pro-3
pc_eu_Whole_home_Use_1da2d54e-641b-44d1-bc38-e07ed7496041.jpg;delta-pro-3-prilozheniya-4.jpg;"продукт delta-pro-3 — секция „Приложения""";Медия № 193, content/delta-pro-3
pc_eu_Off_grid_Cabin_fd276b7a-4aca-4f58-b0ac-5ba3dc7f466c.jpg;delta-pro-3-prilozheniya-5.jpg;"продукт delta-pro-3 — секция „Приложения""";Медия № 194, content/delta-pro-3
pc_eu_RV_Use_071be8bb-e63a-417a-91a8-319f6256b011.jpg;delta-pro-3-prilozheniya-6.jpg;"продукт delta-pro-3 — секция „Приложения""";Медия № 195, content/delta-pro-3
pc_eu_Expandable_Capacity_for_Longer_Runtime_95c1c334-49e1-4a1d-87ea-ae16daccf062.jpg;delta-pro-3-razshiryavane-1.jpg;"продукт delta-pro-3 — секция „Разширяване""";Медия № 196, content/delta-pro-3
PC_Silent_as_a_Whisper_5780ab62-4d6b-4649-a115-f9ff36523f61.jpg;delta-pro-3-tih-komfort-za-semeystvoto-1.jpg;"продукт delta-pro-3 — секция „Тих комфорт за семейството""";Медия № 197, content/delta-pro-3
PC_Seamless_Power_Backup_c77b01b4-d8f1-4c86-a760-f9221d150862.jpg;delta-pro-3-tih-komfort-za-semeystvoto-2.jpg;"продукт delta-pro-3 — секция „Тих комфорт за семейството""";Медия № 198, content/delta-pro-3
pc_eu_6_Unique_Ways_to_Charge.jpg;delta-pro-3-zarezhdane-1.jpg;"продукт delta-pro-3 — секция „Зареждане""";Медия № 199, content/delta-pro-3
pc_Charge_Fast_Everywhere_eu.jpg;delta-pro-3-barzo-zarezhdane-navsyakade-3-1.jpg;"продукт delta-pro-3 — секция „Бързо зареждане навсякъде [3]""";Медия № 200, content/delta-pro-3
pc_State-of-the-art_LFP_Tech_eu.jpg;delta-pro-3-bezopasnost-1.jpg;"продукт delta-pro-3 — секция „Безопасност""";Медия № 201, content/delta-pro-3
pc_BMS_powered_by_ground-breaking_X-Guard_eu.jpg;delta-pro-3-bezopasnost-2.jpg;"продукт delta-pro-3 — секция „Безопасност""";Медия № 202, content/delta-pro-3
pc_Revolutionising_Durable_Construction_eu.jpg;delta-pro-3-bezopasnost-3.jpg;"продукт delta-pro-3 — секция „Безопасност""";Медия № 203, content/delta-pro-3
pc_5_Years_Warranty_Zero_Worries_eu.jpg;delta-pro-3-bezopasnost-4.jpg;"продукт delta-pro-3 — секция „Безопасност""";Медия № 204, content/delta-pro-3
pc_EcoFlow_App_eu_2a99f650-55c5-459a-bc38-49bde4211c40.jpg;delta-pro-3-prilozhenie-1.jpg;"продукт delta-pro-3 — секция „Приложение""";Медия № 205, content/delta-pro-3
Quick_Start_Guide-png.png;delta-pro-3-kakvo-ima-v-kutiyata-4.png;"продукт delta-pro-3 — секция „Какво има в кутията""";Медия № 206, content/delta-pro-3
Warranty_Card.png;delta-pro-3-kakvo-ima-v-kutiyata-6.png;"продукт delta-pro-3 — секция „Какво има в кутията""";Медия № 207, content/delta-pro-3
sl_DP3.webp;delta-pro-3-kakvo-ima-v-kutiyata-1.webp;"продукт delta-pro-3 — секция „Какво има в кутията""";Медия № 208, content/delta-pro-3
sl_dpu_accessories.webp;delta-pro-3-kakvo-ima-v-kutiyata-2.webp;"продукт delta-pro-3 — секция „Какво има в кутията""";Медия № 209, content/delta-pro-3
Safety_Guide.webp;delta-pro-3-kakvo-ima-v-kutiyata-5.webp;"продукт delta-pro-3 — секция „Какво има в кутията""";Медия № 210, content/delta-pro-3
Grip_Protector.jpg;delta-pro-3-kakvo-ima-v-kutiyata-3.jpg;"продукт delta-pro-3 — секция „Какво има в кутията""";Медия № 211, content/delta-pro-3
1_1_89e83263-2f74-494c-9408-ceb946b52290.jpg;delta-3-plus-vodeshta-v-industriyata-portativna-1.jpg;"продукт delta-3-plus — секция „Водеща в индустрията портативна""";Медия № 212, content/delta-3, content/delta-3-plus
ecoflow-river-3-plus-wireless-portable-power-station-1170560975.png;river-3-max-plus-wireless-1.png;продукт river-3-max-plus-wireless — главна снимка;Медия № 213, content/river-3-max-plus-wireless, content/river-3-plus-wireless
ecoflow-river-3-plus-wireless-portable-power-station-1170560974.png;river-3-max-plus-wireless-2.png;продукт river-3-max-plus-wireless — галерия 2;Медия № 214, content/river-3-max-plus-wireless
ecoflow-river-3-plus-wireless-portable-power-station-1170560973.png;river-3-max-plus-wireless-3.png;продукт river-3-max-plus-wireless — галерия 3;Медия № 215, content/river-3-max-plus-wireless, content/river-3-plus-wireless
ecoflow-river-3-plus-wireless-portable-power-station-1170560971.png;river-3-max-plus-wireless-4.png;продукт river-3-max-plus-wireless — галерия 4;Медия № 216, content/river-3-max-plus-wireless, content/river-3-plus-wireless
ecoflow-river-3-plus-wireless-portable-power-station-1170560972.png;river-3-max-plus-wireless-5.png;продукт river-3-max-plus-wireless — галерия 5;Медия № 217, content/river-3-max-plus-wireless, content/river-3-plus-wireless
1_1_kv_d9588423-b500-4083-9171-99ac112bbe9d.jpg;river-3-plus-pregled-1.jpg;"продукт river-3-plus — секция „Преглед""";Медия № 218, content/river-3-max, content/river-3-max-plus, content/river-3-max-plus-wireless, content/river-3-plus, content/river-3-plus-wireless
02_01-Versatile_modular_design_for_every_situation.jpg;river-3-max-plus-wireless-modulen-dizayn-1.jpg;"продукт river-3-max-plus-wireless — секция „Модулен дизайн""";Медия № 219, content/river-3-max-plus-wireless, content/river-3-plus-wireless
02_02-Snap-in_charging_with_a_steady_hold.jpg;river-3-max-plus-wireless-zakachane-s-edno-dvizhenie-1.jpg;"продукт river-3-max-plus-wireless — секция „Закачане с едно движение,""";Медия № 220, content/river-3-max-plus-wireless, content/river-3-plus-wireless
02_03-Extra_wireless_charging_option.jpg;river-3-max-plus-wireless-dopalnitelno-bezzhichno-zarezhdane-1.jpg;"продукт river-3-max-plus-wireless — секция „Допълнително безжично зареждане""";Медия № 221, content/river-3-max-plus-wireless, content/river-3-plus-wireless
03_01-Qi2-cerfiticated_wireless_charging_that_s_twice_as_fast.jpg;river-3-max-plus-wireless-rapid-1.jpg;"продукт river-3-max-plus-wireless — секция „RAPID""";Медия № 222, content/river-3-max-plus-wireless, content/river-3-plus-wireless
03_03-Max-speed_charging_with_a_built-in_cable.jpg;river-3-max-plus-wireless-rapid-2.jpg;"продукт river-3-max-plus-wireless — секция „RAPID""";Медия № 223, content/river-3-max-plus-wireless, content/river-3-plus-wireless
03_02-The_ultimate_fast-recharging_power_bank.jpg;river-3-max-plus-wireless-rapid-3.jpg;"продукт river-3-max-plus-wireless — секция „RAPID""";Медия № 224, content/river-3-max-plus-wireless, content/river-3-plus-wireless
04-Your_reliable_companion_through_outages_or_in_the_wild.jpg;river-3-max-plus-wireless-moshtnost-1.jpg;"продукт river-3-max-plus-wireless — секция „Мощност""";Медия № 225, content/river-3-max-plus-wireless, content/river-3-plus-wireless
05_1_IMG_f92959a1-8be0-4a47-8778-9f532864448a.jpg;river-3-max-plus-wireless-kapacitet-1.jpg;"продукт river-3-max-plus-wireless — секция „Капацитет""";Медия № 226, content/river-3-max-plus-wireless, content/river-3-plus-wireless
05_2_IMG_e0117575-71fc-417d-8329-1a529caf38c5.jpg;river-3-max-plus-wireless-kapacitet-2.jpg;"продукт river-3-max-plus-wireless — секция „Капацитет""";Медия № 227, content/river-3-max-plus-wireless, content/river-3-plus-wireless
05_3_IMG_e12b1d55-9722-4145-9058-85df35635fa7.jpg;river-3-max-plus-wireless-kapacitet-3.jpg;"продукт river-3-max-plus-wireless — секция „Капацитет""";Медия № 228, content/river-3-max-plus-wireless, content/river-3-plus-wireless
5_1_IMG.jpg;river-3-plus-zarezhdane-1.jpg;"продукт river-3-plus — секция „Зареждане""";Медия № 229, content/river-3-max, content/river-3-max-plus, content/river-3-max-plus-wireless, content/river-3-plus, content/river-3-plus-wireless
08_2_IMG.jpg;river-3-max-plus-wireless-zarezhdane-2.jpg;"продукт river-3-max-plus-wireless — секция „Зареждане""";Медия № 230, content/river-3-max-plus-wireless, content/river-3-plus-wireless
5_3_IMG.jpg;river-3-plus-zarezhdane-3.jpg;"продукт river-3-plus — секция „Зареждане""";Медия № 231, content/river-3-max, content/river-3-max-plus, content/river-3-max-plus-wireless, content/river-3-plus, content/river-3-plus-wireless
5_4_IMG.jpg;river-3-plus-zarezhdane-4.jpg;"продукт river-3-plus — секция „Зареждане""";Медия № 232, content/river-3-max, content/river-3-max-plus, content/river-3-max-plus-wireless, content/river-3-plus, content/river-3-plus-wireless
12-IMG.jpg;river-3-max-plus-wireless-izklyuchitelno-kompaktna-i-leka-1.jpg;"продукт river-3-max-plus-wireless — секция „Изключително компактна и лека""";Медия № 233, content/river-3-max-plus-wireless, content/river-3-plus-wireless
6_1_IMG.jpg;river-3-plus-ups-1.jpg;"продукт river-3-plus — секция „UPS""";Медия № 234, content/river-3-max, content/river-3-max-plus, content/river-3-max-plus-wireless, content/river-3-plus, content/river-3-plus-wireless
15_1_IMG.jpg;river-3-max-plus-wireless-prilozhenie-1.jpg;"продукт river-3-max-plus-wireless — секция „Приложение""";Медия № 235, content/river-3-max-plus-wireless, content/river-3-plus-wireless
16_1_IMG.jpg;river-3-max-plus-wireless-detayli-na-produkta-1.jpg;"продукт river-3-max-plus-wireless — секция „Детайли на продукта""";Медия № 236, content/river-3-max-plus-wireless, content/river-3-plus-wireless
01_2_6a12fb46-23f5-4091-8b91-05d94540e29e.jpg;river-3-max-plus-wireless-modulna-izklyuchitelno-gavkava-elektrocentrala-1.jpg;"продукт river-3-max-plus-wireless — секция „Модулна, изключително гъвкава електроцентрала""";Медия № 237, content/river-3-max-plus-wireless, content/river-3-plus-wireless
ecoflow-river-3-plus-wireless-portable-power-station-1170560970.webp;river-3-max-plus-wireless-kakvo-ima-v-kutiyata-1.webp;"продукт river-3-max-plus-wireless — секция „Какво има в кутията""";Медия № 244, content/river-3-max-plus-wireless, content/river-3-plus-wireless
ecoflow-river-3-plus-wireless-portable-power-station-1170566041.webp;river-3-max-plus-wireless-kakvo-ima-v-kutiyata-5.webp;"продукт river-3-max-plus-wireless — секция „Какво има в кутията""";Медия № 245, content/river-3-max-plus-wireless, content/river-3-plus-wireless
kutiya-kabel-ups.jpg;river-3-plus-kakvo-ima-v-kutiyata-3.jpg;"продукт river-3-plus — секция „Какво има в кутията""";Медия № 248, content/river-3-max, content/river-3-max-plus, content/river-3-max-plus-wireless, content/river-3-plus, content/river-3-plus-wireless
ecoflow-river-3-portable-power-station-59806313021783.png;river-3-ups-1.png;продукт river-3-ups — главна снимка;Медия № 249, content/river-3, content/river-3-ups
ecoflow-river-3-portable-power-station-59806313054551.png;river-3-ups-2.png;продукт river-3-ups — галерия 2;Медия № 250, content/river-3, content/river-3-ups
ecoflow-river-3-portable-power-station-59806313152855.png;river-3-ups-3.png;продукт river-3-ups — галерия 3;Медия № 251, content/river-3, content/river-3-ups
ecoflow-river-3-portable-power-station-59806313120087.png;river-3-ups-4.png;продукт river-3-ups — галерия 4;Медия № 252, content/river-3, content/river-3-ups
ecoflow-river-3-portable-power-station-59818276716887.jpg;river-3-ups-5.jpg;продукт river-3-ups — галерия 5;Медия № 253, content/river-3, content/river-3-ups
ecoflow-river-3-portable-power-station-59818276684119.jpg;river-3-ups-6.jpg;продукт river-3-ups — галерия 6;Медия № 254, content/river-3, content/river-3-ups
PC_R3_01_1.jpg;river-3-ups-kompakten-dizayn-s-moshtna-1.jpg;"продукт river-3-ups — секция „Компактен дизайн с мощна""";Медия № 255, content/river-3, content/river-3-ups
PC_R3_01_2.jpg;river-3-ups-30-po-kompaktna-za-iz-1.jpg;"продукт river-3-ups — секция „30% по-компактна за из""";Медия № 256, content/river-3, content/river-3-ups
PC_R3_01_3.jpg;river-3-ups-do-2-po-dalga-rabota-1.jpg;"продукт river-3-ups — секция „До 2× по-дълга работа""";Медия № 257, content/river-3, content/river-3-ups
PC_R3_01_4.jpg;river-3-ups-pod-30-db-tih-1.jpg;"продукт river-3-ups — секция „Под 30 dB тих""";Медия № 258, content/river-3, content/river-3-ups
PC_R3_02_1.jpg;river-3-ups-zarezhdane-1.jpg;"продукт river-3-ups — секция „Зареждане""";Медия № 259, content/river-3, content/river-3-ups
6_2_Solar_charging.jpg;river-3-ups-zarezhdane-2.jpg;"продукт river-3-ups — секция „Зареждане""";Медия № 260, content/river-3, content/river-3-ups
6_3_Car_charging.jpg;river-3-ups-zarezhdane-3.jpg;"продукт river-3-ups — секция „Зареждане""";Медия № 261, content/river-3, content/river-3-ups
6_4_Generator_charging.jpg;river-3-ups-zarezhdane-4.jpg;"продукт river-3-ups — секция „Зареждане""";Медия № 262, content/river-3, content/river-3-ups
PC_R3_03_1.jpg;river-3-ups-izdrazhlivost-1.jpg;"продукт river-3-ups — секция „Издръжливост""";Медия № 263, content/river-3, content/river-3-ups
PC_R3_03_2.jpg;river-3-ups-izdrazhlivost-2.jpg;"продукт river-3-ups — секция „Издръжливост""";Медия № 264, content/river-3, content/river-3-ups
PC_R3_03_3.jpg;river-3-ups-izdrazhlivost-3.jpg;"продукт river-3-ups — секция „Издръжливост""";Медия № 265, content/river-3, content/river-3-ups
PC_R3_04.jpg;river-3-ups-moshtnost-1.jpg;"продукт river-3-ups — секция „Мощност""";Медия № 266, content/river-3, content/river-3-ups
PC_R3_05.jpg;river-3-ups-ups-1.jpg;"продукт river-3-ups — секция „UPS""";Медия № 267, content/river-3, content/river-3-ups
PC_R3_06.jpg;river-3-ups-prilozhenie-1.jpg;"продукт river-3-ups — секция „Приложение""";Медия № 268, content/river-3, content/river-3-ups
11_1_Product_Details_EU.jpg;river-3-ups-detayli-na-produkta-1.jpg;"продукт river-3-ups — секция „Детайли на продукта""";Медия № 269, content/river-3, content/river-3-ups
ecoflow-river-3-plus-portable-power-station-1146556335.png;river-3-plus-1.png;продукт river-3-plus — главна снимка;Медия № 271, content/river-3-max, content/river-3-max-plus, content/river-3-plus
ecoflow-river-3-plus-portable-power-station-1146556334.png;river-3-plus-2.png;продукт river-3-plus — галерия 2;Медия № 272, content/river-3-plus
ecoflow-river-3-plus-portable-power-station-1146556333.png;river-3-plus-3.png;продукт river-3-plus — галерия 3;Медия № 273, content/river-3-plus
ecoflow-river-3-plus-portable-power-station-1146556332.png;river-3-plus-4.png;продукт river-3-plus — галерия 4;Медия № 274, content/river-3-plus
ecoflow-river-3-plus-portable-power-station-1146556331.png;river-3-plus-5.png;продукт river-3-plus — галерия 5;Медия № 275, content/river-3-plus
ecoflow-river-3-plus-portable-power-station-1146556336.png;river-3-plus-6.png;продукт river-3-plus — галерия 6;Медия № 276, content/river-3-plus
ecoflow-river-3-plus-portable-power-station-1146556337.png;river-3-plus-7.png;продукт river-3-plus — галерия 7;Медия № 277, content/river-3-plus
ecoflow-river-3-plus-portable-power-station-1146556338.png;river-3-plus-8.png;продукт river-3-plus — галерия 8;Медия № 278, content/river-3-plus
1_2.jpg;river-3-plus-nadezhden-spatnik-pri-spirane-1.jpg;"продукт river-3-plus — секция „Надежден спътник при спиране""";Медия № 279, content/river-3-max, content/river-3-max-plus, content/river-3-plus
2_1_IMG.jpg;river-3-plus-kapacitet-1.jpg;"продукт river-3-plus — секция „Капацитет""";Медия № 280, content/river-3-max, content/river-3-max-plus, content/river-3-plus
2_2_IMG.jpg;river-3-plus-kapacitet-2.jpg;"продукт river-3-plus — секция „Капацитет""";Медия № 281, content/river-3-max, content/river-3-max-plus, content/river-3-plus
2_3_IMG.jpg;river-3-plus-kapacitet-3.jpg;"продукт river-3-plus — секция „Капацитет""";Медия № 282, content/river-3-max, content/river-3-max-plus, content/river-3-plus
4_1_IMG.jpg;river-3-plus-moshtnost-1.jpg;"продукт river-3-plus — секция „Мощност""";Медия № 283, content/river-3-max, content/river-3-max-plus, content/river-3-plus
5_2_IMG.jpg;river-3-plus-zarezhdane-2.jpg;"продукт river-3-plus — секция „Зареждане""";Медия № 284, content/river-3-max, content/river-3-max-plus, content/river-3-plus
8_1_IMG.jpg;river-3-plus-do-2-po-dalga-rabota-1.jpg;"продукт river-3-plus — секция „До 2× по-дълга работа""";Медия № 285, content/river-3-max, content/river-3-max-plus, content/river-3-plus
9_1_IMG.jpg;river-3-plus-izklyuchitelno-kompaktna-i-leka-1.jpg;"продукт river-3-plus — секция „Изключително компактна и лека""";Медия № 286, content/river-3-max, content/river-3-max-plus, content/river-3-plus
12_1_IMG_d3a2093e-e72c-4e9f-901f-ceb38b87d7a8.jpg;river-3-plus-prilozhenie-1.jpg;"продукт river-3-plus — секция „Приложение""";Медия № 287, content/river-3-max, content/river-3-max-plus, content/river-3-plus
13_1_IMG.jpg;river-3-plus-detayli-na-produkta-1.jpg;"продукт river-3-plus — секция „Детайли на продукта""";Медия № 288, content/river-3-max, content/river-3-max-plus, content/river-3-plus
3_1_IMG.jpg;river-3-plus-svarzvane-bez-usilie-1.jpg;"продукт river-3-plus — секция „Свързване без усилие""";Медия № 289, content/river-3-max, content/river-3-max-plus, content/river-3-plus
3_2_IMG.jpg;river-3-plus-oshte-edna-vazmozhnost-za-1.jpg;"продукт river-3-plus — секция „Още една възможност за""";Медия № 290, content/river-3-max, content/river-3-max-plus, content/river-3-plus
7_1_IMG.jpg;river-3-plus-cyalostno-ups-reshenie-1.jpg;"продукт river-3-plus — секция „Цялостно UPS решение""";Медия № 291, content/river-3-max, content/river-3-max-plus, content/river-3-plus
7_2_IMG.jpg;river-3-plus-cyalostno-ups-reshenie-2.jpg;"продукт river-3-plus — секция „Цялостно UPS решение""";Медия № 292, content/river-3-max, content/river-3-max-plus, content/river-3-plus
7_3_IMG.jpg;river-3-plus-cyalostno-ups-reshenie-3.jpg;"продукт river-3-plus — секция „Цялостно UPS решение""";Медия № 293, content/river-3-max, content/river-3-max-plus, content/river-3-plus
11_1_IMG_a716dbe9-56b2-4244-a249-e49146865a31.jpg;river-3-plus-izdrazhlivost-1.jpg;"продукт river-3-plus — секция „Издръжливост""";Медия № 294, content/river-3-max, content/river-3-max-plus, content/river-3-plus
11_2_IMG.jpg;river-3-plus-izdrazhlivost-2.jpg;"продукт river-3-plus — секция „Издръжливост""";Медия № 295, content/river-3-max, content/river-3-max-plus, content/river-3-plus
11_3_IMG.jpg;river-3-plus-izdrazhlivost-3.jpg;"продукт river-3-plus — секция „Издръжливост""";Медия № 296, content/river-3-max, content/river-3-max-plus, content/river-3-plus
10_1_IMG.jpg;river-3-plus-pod-30-db-tih-1.jpg;"продукт river-3-plus — секция „Под 30 dB тих""";Медия № 297, content/river-3-max, content/river-3-max-plus, content/river-3-plus
ecoflow-river-3-plus-portable-power-station-1146556327.png;river-3-plus-kakvo-ima-v-kutiyata-5.png;"продукт river-3-plus — секция „Какво има в кутията""";Медия № 298, content/river-3-max, content/river-3-max-plus, content/river-3-plus
ecoflow-river-3-plus-portable-power-station-1146556323.png;river-3-plus-kakvo-ima-v-kutiyata-9.png;"продукт river-3-plus — секция „Какво има в кутията""";Медия № 299, content/river-3-max, content/river-3-max-plus, content/river-3-plus
4895251650571-1_1.png;delta-3-ultra-plus-1.png;продукт delta-3-ultra-plus — главна снимка;Медия № 300, content/delta-3-ultra-plus, snimki/
4895251650571-2_1.png;delta-3-ultra-plus-2.png;продукт delta-3-ultra-plus — галерия 2;Медия № 301, content/delta-3-ultra-plus, snimki/
4895251650571-3_1.png;delta-3-ultra-plus-3.png;продукт delta-3-ultra-plus — галерия 3;Медия № 302, content/delta-3-ultra-plus, snimki/
4895251650571-4_1.png;delta-3-ultra-plus-4.png;продукт delta-3-ultra-plus — галерия 4;Медия № 303, content/delta-3-ultra-plus, snimki/
4895251650571-5_1.png;delta-3-ultra-plus-5.png;продукт delta-3-ultra-plus — галерия 5;Медия № 304, content/delta-3-ultra-plus, snimki/
4895251650571-6_1.png;delta-3-ultra-plus-6.png;продукт delta-3-ultra-plus — галерия 6;Медия № 305, content/delta-3-ultra-plus, snimki/
4895251650571-7_1.webp;delta-3-ultra-plus-za-doma-1.webp;"продукт delta-3-ultra-plus — секция „За дома""";Медия № 306, content/delta-3-ultra-plus
4895251650571-9_1.webp;delta-3-ultra-plus-moshtnost-1.webp;"продукт delta-3-ultra-plus — секция „Мощност""";Медия № 307, content/delta-3-ultra-plus
4895251650571-8_1.webp;delta-3-ultra-plus-zarezhdane-1.webp;"продукт delta-3-ultra-plus — секция „Зареждане""";Медия № 308, content/delta-3-ultra-plus
4895251650571-10_1.webp;delta-3-ultra-plus-umen-dom-1.webp;"продукт delta-3-ultra-plus — секция „Умен дом""";Медия № 309, content/delta-3-ultra-plus
ecoflow-river-3-plus-portable-power-station-1146556322.png;river-3-max-plus-2.png;продукт river-3-max-plus — галерия 2;Медия № 310, content/river-3-max-plus
ecoflow-river-3-plus-portable-power-station-1146556320.png;river-3-max-plus-3.png;продукт river-3-max-plus — галерия 3;Медия № 311, content/river-3-max-plus
ecoflow-river-3-plus-portable-power-station-1146556319.png;river-3-max-plus-4.png;продукт river-3-max-plus — галерия 4;Медия № 312, content/river-3-max-plus
ecoflow-river-3-plus-portable-power-station-1146556321.png;river-3-max-plus-5.png;продукт river-3-max-plus — галерия 5;Медия № 313, content/river-3-max-plus
ecoflow-river-3-plus-portable-power-station-1146556339.png;river-3-max-plus-6.png;продукт river-3-max-plus — галерия 6;Медия № 314, content/river-3-max-plus
ecoflow-river-3-plus-portable-power-station-1146556328.png;river-3-max-2.png;продукт river-3-max — галерия 2;Медия № 319, content/river-3-max
ecoflow-river-3-plus-portable-power-station-1146556329.png;river-3-max-3.png;продукт river-3-max — галерия 3;Медия № 320, content/river-3-max
ecoflow-river-3-plus-portable-power-station-1146556330.png;river-3-max-4.png;продукт river-3-max — галерия 4;Медия № 321, content/river-3-max
ecoflow-river-3-plus-portable-power-station-1146556325.png;river-3-max-5.png;продукт river-3-max — галерия 5;Медия № 322, content/river-3-max
ecoflow-river-3-plus-portable-power-station-1146556324.png;river-3-max-6.png;продукт river-3-max — галерия 6;Медия № 323, content/river-3-max
ecoflow-delta-pro-ultra-home-diy-power-station-1174282884.png;delta-pro-ultra-1.png;продукт delta-pro-ultra — главна снимка;Медия № 324, content/delta-pro-ultra
ecoflow-delta-pro-ultra-home-diy-power-station-1174819351.png;delta-pro-ultra-2.png;продукт delta-pro-ultra — галерия 2;Медия № 325, content/delta-pro-ultra
ecoflow-delta-pro-ultra-home-diy-power-station-1175154526.png;delta-pro-ultra-3.png;продукт delta-pro-ultra — галерия 3;Медия № 326, content/delta-pro-ultra
ecoflow-delta-pro-ultra-home-diy-power-station-1174819350.png;delta-pro-ultra-4.png;продукт delta-pro-ultra — галерия 4;Медия № 327, content/delta-pro-ultra
ecoflow-delta-pro-ultra-home-diy-power-station-1174819349.png;delta-pro-ultra-5.png;продукт delta-pro-ultra — галерия 5;Медия № 328, content/delta-pro-ultra
ecoflow-delta-pro-ultra-home-diy-power-station-1174819348.png;delta-pro-ultra-6.png;продукт delta-pro-ultra — галерия 6;Медия № 329, content/delta-pro-ultra
ecoflow-delta-pro-ultra-home-diy-power-station-1175154529.jpg;delta-pro-ultra-7.jpg;продукт delta-pro-ultra — галерия 7;Медия № 330, content/delta-pro-ultra
ecoflow-delta-pro-ultra-home-diy-power-station-1175154530.jpg;delta-pro-ultra-8.jpg;продукт delta-pro-ultra — галерия 8;Медия № 331, content/delta-pro-ultra
EU_UKGroup_161269588.jpg;delta-pro-ultra-pregled-1.jpg;"продукт delta-pro-ultra — секция „Преглед""";Медия № 332, content/delta-pro-ultra
pc_Home_Power_9d7ddf1d-9650-4061-920b-b9aad3a0f937.jpg;delta-pro-ultra-nay-moshtnoto-reshenie-na-ecoflow-1.jpg;"продукт delta-pro-ultra — секция „Най-мощното решение на EcoFlow""";Медия № 333, content/delta-pro-ultra
pc_Solar_Storage_157b2ab4-661d-48f6-b9af-fcabeb9478b1.jpg;delta-pro-ultra-nay-moshtnoto-reshenie-na-ecoflow-2.jpg;"продукт delta-pro-ultra — секция „Най-мощното решение на EcoFlow""";Медия № 334, content/delta-pro-ultra
pc_Backup_44db2e51-52d4-4fbf-9c61-aff304d80d56.jpg;delta-pro-ultra-nay-moshtnoto-reshenie-na-ecoflow-3.jpg;"продукт delta-pro-ultra — секция „Най-мощното решение на EcoFlow""";Медия № 335, content/delta-pro-ultra
pc_Industrial_Commercial_Use.jpg;delta-pro-ultra-nay-moshtnoto-reshenie-na-ecoflow-4.jpg;"продукт delta-pro-ultra — секция „Най-мощното решение на EcoFlow""";Медия № 336, content/delta-pro-ultra
pc_6-30kWh_Capacity_en_c3085275-6517-4178-81a2-cb355c2d6f6d.jpg;delta-pro-ultra-kapacitet-1.jpg;"продукт delta-pro-ultra — секция „Капацитет""";Медия № 337, content/delta-pro-ultra
pc_6900W_output_f41c52a4-04d6-423f-8148-c4c3bf8253b6.jpg;delta-pro-ultra-moshtnost-1.jpg;"продукт delta-pro-ultra — секция „Мощност""";Медия № 338, content/delta-pro-ultra
pc_Multiple_Area_Uses_en_3ba69816-6653-4660-8c98-8d3d8d04b474.jpg;delta-pro-ultra-prilozheniya-1.jpg;"продукт delta-pro-ultra — секция „Приложения""";Медия № 339, content/delta-pro-ultra
pc_Whole-Home_Use_en_502aa7f5-8af6-4087-a118-8d147b8441fa.jpg;delta-pro-ultra-prilozheniya-2.jpg;"продукт delta-pro-ultra — секция „Приложения""";Медия № 340, content/delta-pro-ultra
pc_Off-Grid_House_en_5cf6b265-db46-499d-9404-cc3cfd3f14eb.jpg;delta-pro-ultra-prilozheniya-3.jpg;"продукт delta-pro-ultra — секция „Приложения""";Медия № 341, content/delta-pro-ultra
pc_Industrial_Commercial_Use_ed701eb3-76c9-4da0-b029-a6be18daecb7.jpg;delta-pro-ultra-prilozheniya-4.jpg;"продукт delta-pro-ultra — секция „Приложения""";Медия № 342, content/delta-pro-ultra
pc_5_Ways_Charge.jpg;delta-pro-ultra-zarezhdane-1.jpg;"продукт delta-pro-ultra — секция „Зареждане""";Медия № 343, content/delta-pro-ultra
pc_EcoFlow_OASIS.jpg;delta-pro-ultra-prilozhenie-1.jpg;"продукт delta-pro-ultra — секция „Приложение""";Медия № 344, content/delta-pro-ultra
Single_Load_or_Area.jpg;delta-pro-ultra-sistema-1.jpg;"продукт delta-pro-ultra — секция „Система""";Медия № 345, content/delta-pro-ultra
Multiple_Loads_or_Areas.jpg;delta-pro-ultra-sistema-2.jpg;"продукт delta-pro-ultra — секция „Система""";Медия № 346, content/delta-pro-ultra
pc_Take_With_You_Anywhere.jpg;delta-pro-ultra-vzemete-ya-navsyakade-1.jpg;"продукт delta-pro-ultra — секция „Вземете я навсякъде*""";Медия № 347, content/delta-pro-ultra
PC_30db.jpg;delta-pro-ultra-ups-1.jpg;"продукт delta-pro-ultra — секция „UPS""";Медия № 348, content/delta-pro-ultra
pc_82a0c46b-3cf0-4342-a510-f1a35fef5625.jpg;delta-pro-ultra-bezopasnost-1.jpg;"продукт delta-pro-ultra — секция „Безопасност""";Медия № 349, content/delta-pro-ultra
pc_BMS.jpg;delta-pro-ultra-bezopasnost-2.jpg;"продукт delta-pro-ultra — секция „Безопасност""";Медия № 350, content/delta-pro-ultra
Operating_temperatures__-4_to_113.jpg;delta-pro-ultra-izdrazhlivost-1.jpg;"продукт delta-pro-ultra — секция „Издръжливост""";Медия № 351, content/delta-pro-ultra
dpu_mts_new_senario_window1-tuya.png;delta-pro-ultra-izdrazhlivost-2.png;"продукт delta-pro-ultra — секция „Издръжливост""";Медия № 352, content/delta-pro-ultra
IP54_dustproof_and_splashproof.jpg;delta-pro-ultra-izdrazhlivost-3.jpg;"продукт delta-pro-ultra — секция „Издръжливост""";Медия № 353, content/delta-pro-ultra
eu_EcoFlow_DELTA_Pro_Ultra_Inverter_cd6e154b-88b0-46b0-aebe-d5dc9eb165bf.png;delta-pro-ultra-kakvo-ima-v-kutiyata-1.png;"продукт delta-pro-ultra — секция „Какво има в кутията""";Медия № 354, content/delta-pro-ultra
Ecoflow_Portable_Stand.png;delta-pro-ultra-kakvo-ima-v-kutiyata-2.png;"продукт delta-pro-ultra — секция „Какво има в кутията""";Медия № 355, content/delta-pro-ultra
EcoFlow_Disassembly_and_Assembly_Tool.png;delta-pro-ultra-kakvo-ima-v-kutiyata-3.png;"продукт delta-pro-ultra — секция „Какво има в кутията""";Медия № 356, content/delta-pro-ultra
EcoFlow_Solar_to_Low-PV_Port_Charging_Cable.png;delta-pro-ultra-kakvo-ima-v-kutiyata-4.png;"продукт delta-pro-ultra — секция „Какво има в кутията""";Медия № 357, content/delta-pro-ultra
EcoFlow_AC_Charging_Cable-C20.png;delta-pro-ultra-kakvo-ima-v-kutiyata-5.png;"продукт delta-pro-ultra — секция „Какво има в кутията""";Медия № 358, content/delta-pro-ultra
Quick_Start_Guide_7a73c3fc-94a6-46d8-afe1-36e2eca9a30e.png;delta-pro-ultra-kakvo-ima-v-kutiyata-6.png;"продукт delta-pro-ultra — секция „Какво има в кутията""";Медия № 359, content/delta-pro-ultra
warranty_card_9a410ff6-cb42-448d-a2db-9b5808ecede8.png;delta-pro-ultra-kakvo-ima-v-kutiyata-7.png;"продукт delta-pro-ultra — секция „Какво има в кутията""";Медия № 360, content/delta-pro-ultra
EcoFlow_DELTA_Pro_Ultra_Battery.png;delta-pro-ultra-kakvo-ima-v-kutiyata-8.png;"продукт delta-pro-ultra — секция „Какво има в кутията""";Медия № 361, content/delta-pro-ultra
EcoFlow_Battery_Connection_Cable_DELTA_Pro_Ultra_-0.2m_8fdbf6c1-df4c-4fb6-94d7-b2606daf16f0.png;delta-pro-ultra-kakvo-ima-v-kutiyata-9.png;"продукт delta-pro-ultra — секция „Какво има в кутията""";Медия № 362, content/delta-pro-ultra
Safety_Guide_6c8b730f-4064-4a88-927f-e59245fcb153.png;delta-pro-ultra-kakvo-ima-v-kutiyata-10.png;"продукт delta-pro-ultra — секция „Какво има в кутията""";Медия № 363, content/delta-pro-ultra
ecoflow-river-3-plus-wireless-portable-power-station-1170560969.webp;river-3-plus-wireless-2.webp;продукт river-3-plus-wireless — галерия 2;Медия № 364, content/river-3-plus-wireless
ecoflow-river-3-plus-wireless-portable-power-station-1170560966.webp;river-3-plus-wireless-6.webp;продукт river-3-plus-wireless — галерия 6;Медия № 365, content/river-3-plus-wireless
PC_R3_01.jpg;river-3-ups-pregled-1.jpg;"продукт river-3-ups — секция „Преглед""";Медия № 368, content/river-3, content/river-3-ups
ecoflow-100w-flexible-solar-panel-42493545709732.webp;solaren-panel-100w-flexible-1.webp;продукт solaren-panel-100w-flexible — главна снимка;Медия № 369, content/solaren-panel-100w-flexible, _originali/
ecoflow-100w-flexible-solar-panel-42462949703844.webp;solaren-panel-100w-flexible-2.webp;продукт solaren-panel-100w-flexible — галерия 2;Медия № 370, content/solaren-panel-100w-flexible, _originali/
ecoflow-100w-flexible-solar-panel-42462949736612.webp;solaren-panel-100w-flexible-3.webp;продукт solaren-panel-100w-flexible — галерия 3;Медия № 371, content/solaren-panel-100w-flexible, _originali/
ecoflow-100w-flexible-solar-panel-42462951112868.jpg;solaren-panel-100w-flexible-4.jpg;продукт solaren-panel-100w-flexible — галерия 4;Медия № 372, content/solaren-panel-100w-flexible, _originali/
100w_flexible_1.jpg;solaren-panel-100w-flexible-pregled-1.jpg;"продукт solaren-panel-100w-flexible — секция „Преглед""";Медия № 373, content/solaren-panel-100w-flexible, snimki/, _originali/
100w_flexible_2.jpg;solaren-panel-100w-flexible-100w-gavkavi-solarni-paneli-1.jpg;"продукт solaren-panel-100w-flexible — секция „100W гъвкави соларни панели""";Медия № 374, content/solaren-panel-100w-flexible, _originali/
100w_flexible_3.jpg;solaren-panel-100w-flexible-gavkavost-1.jpg;"продукт solaren-panel-100w-flexible — секция „Гъвкавост""";Медия № 375, content/solaren-panel-100w-flexible, snimki/, _originali/
100w_flexible_4.webp;solaren-panel-100w-flexible-izdrazhlivost-1.webp;"продукт solaren-panel-100w-flexible — секция „Издръжливост""";Медия № 376, content/solaren-panel-100w-flexible, _originali/
100w_flexible_5_PC.jpg;solaren-panel-100w-flexible-efektivnost-1.jpg;"продукт solaren-panel-100w-flexible — секция „Ефективност""";Медия № 377, content/solaren-panel-100w-flexible, _originali/
100w_flexible_6.webp;solaren-panel-100w-flexible-ip68-1.webp;"продукт solaren-panel-100w-flexible — секция „IP68""";Медия № 378, content/solaren-panel-100w-flexible, _originali/
100w_flexible_7.jpg;solaren-panel-100w-flexible-montazh-1.jpg;"продукт solaren-panel-100w-flexible — секция „Монтаж""";Медия № 379, content/solaren-panel-100w-flexible, _originali/
100w_flexible_8.webp;solaren-panel-100w-flexible-savmestimost-1.webp;"продукт solaren-panel-100w-flexible — секция „Съвместимост""";Медия № 380, content/solaren-panel-100w-flexible, _originali/
100W_Flexible.webp;solaren-panel-100w-flexible-kakvo-ima-v-kutiyata-1.webp;"продукт solaren-panel-100w-flexible — секция „Какво има в кутията""";Медия № 381, content/solaren-panel-100w-flexible, _originali/
ecoflow-100w-rigid-solar-panel-42462954061988.webp;solaren-panel-100w-rigid-2br-1.webp;продукт solaren-panel-100w-rigid-2br — главна снимка;Медия № 382, content/solaren-panel-100w-rigid-2br, _originali/
ecoflow-100w-rigid-solar-panel-42462953701540.webp;solaren-panel-100w-rigid-2br-2.webp;продукт solaren-panel-100w-rigid-2br — галерия 2;Медия № 383, content/solaren-panel-100w-rigid-2br, _originali/
ecoflow-100w-rigid-solar-panel-42462953832612.webp;solaren-panel-100w-rigid-2br-3.webp;продукт solaren-panel-100w-rigid-2br — галерия 3;Медия № 384, content/solaren-panel-100w-rigid-2br, _originali/
ecoflow-100w-rigid-solar-panel-42462952882340.webp;solaren-panel-100w-rigid-2br-4.webp;продукт solaren-panel-100w-rigid-2br — галерия 4;Медия № 385, content/solaren-panel-100w-rigid-2br, _originali/
rigid_100_1.jpg;solaren-panel-100w-rigid-2br-pregled-1.jpg;"продукт solaren-panel-100w-rigid-2br — секция „Преглед""";Медия № 386, content/solaren-panel-100w-rigid-2br, snimki/, _originali/
100_rigid_2.jpg;solaren-panel-100w-rigid-2br-100w-tvardi-solarni-paneli-1.jpg;"продукт solaren-panel-100w-rigid-2br — секция „100W твърди соларни панели""";Медия № 387, content/solaren-panel-100w-rigid-2br, snimki/, _originali/
100_rigid_3.webp;solaren-panel-100w-rigid-2br-efektivnost-1.webp;"продукт solaren-panel-100w-rigid-2br — секция „Ефективност""";Медия № 388, content/solaren-panel-100w-rigid-2br, _originali/
100_rigid_4.jpg;solaren-panel-100w-rigid-2br-montazh-1.jpg;"продукт solaren-panel-100w-rigid-2br — секция „Монтаж""";Медия № 389, content/solaren-panel-100w-rigid-2br, snimki/, _originali/
100_rigid_5.webp;solaren-panel-100w-rigid-2br-ip68-1.webp;"продукт solaren-panel-100w-rigid-2br — секция „IP68""";Медия № 390, content/solaren-panel-100w-rigid-2br, _originali/
100_rigid_6.jpg;solaren-panel-100w-rigid-2br-izdrazhlivost-1.jpg;"продукт solaren-panel-100w-rigid-2br — секция „Издръжливост""";Медия № 391, content/solaren-panel-100w-rigid-2br, snimki/, _originali/
100_rigid_7.webp;solaren-panel-100w-rigid-2br-savmestimost-1.webp;"продукт solaren-panel-100w-rigid-2br — секция „Съвместимост""";Медия № 392, content/solaren-panel-100w-rigid-2br, content/solaren-panel-400w-rigid-2br, _originali/
100W_Rigid.webp;solaren-panel-100w-rigid-2br-kakvo-ima-v-kutiyata-1.webp;"продукт solaren-panel-100w-rigid-2br — секция „Какво има в кутията""";Медия № 393, content/solaren-panel-100w-rigid-2br, _originali/
ecoflow-110w-lightweight-portable-solar-panel-1209646562.webp;solaren-panel-110w-lightweight-1.webp;продукт solaren-panel-110w-lightweight — главна снимка;Медия № 394, content/solaren-panel-110w-lightweight, _originali/
ecoflow-110w-lightweight-portable-solar-panel-1209646563.webp;solaren-panel-110w-lightweight-2.webp;продукт solaren-panel-110w-lightweight — галерия 2;Медия № 395, content/solaren-panel-110w-lightweight, _originali/
ecoflow-110w-lightweight-portable-solar-panel-1209646561.webp;solaren-panel-110w-lightweight-3.webp;продукт solaren-panel-110w-lightweight — галерия 3;Медия № 396, content/solaren-panel-110w-lightweight, _originali/
ecoflow-110w-lightweight-portable-solar-panel-1209646564.webp;solaren-panel-110w-lightweight-4.webp;продукт solaren-panel-110w-lightweight — галерия 4;Медия № 397, content/solaren-panel-110w-lightweight, _originali/
1_1_036da1e2-deb0-4e40-b5ca-62be566abf3d.jpg;solaren-panel-110w-lightweight-pregled-1.jpg;"продукт solaren-panel-110w-lightweight — секция „Преглед""";Медия № 398, content/solaren-panel-110w-lightweight, snimki/, _originali/
2_1_img_6415f2e4-fec2-4071-a101-af82f445719c.webp;solaren-panel-110w-lightweight-portativnost-1.webp;"продукт solaren-panel-110w-lightweight — секция „Портативност""";Медия № 399, content/solaren-panel-110w-lightweight, _originali/
3_1_img_ef3515e6-a838-4020-b05c-69fd1a9d1521.webp;solaren-panel-110w-lightweight-dvulicev-1.webp;"продукт solaren-panel-110w-lightweight — секция „Двулицев""";Медия № 400, content/solaren-panel-110w-lightweight, _originali/
4_1_img_f917c03a-de7a-409d-942c-f23051fe75fa.webp;solaren-panel-110w-lightweight-oshte-poveche-dobiv-1.webp;"продукт solaren-panel-110w-lightweight — секция „Още повече добив""";Медия № 401, content/solaren-panel-110w-lightweight, _originali/
4_2_img_0e0b6234-6974-4ff7-9c63-2a4a98bf1255.webp;solaren-panel-110w-lightweight-stoyka-1.webp;"продукт solaren-panel-110w-lightweight — секция „Стойка""";Медия № 402, content/solaren-panel-110w-lightweight, _originali/
5_1_IMG_4e59bff1-95bf-4d06-acf2-133971d61b2c.jpg;solaren-panel-110w-lightweight-vodach-1.jpg;"продукт solaren-panel-110w-lightweight — секция „Водач""";Медия № 403, content/solaren-panel-110w-lightweight, snimki/, _originali/
6_1_IMG_2d8eec4d-e4b4-4553-9679-7d6dd653662f.webp;solaren-panel-110w-lightweight-izdrazhlivost-1.webp;"продукт solaren-panel-110w-lightweight — секция „Издръжливост""";Медия № 404, content/solaren-panel-110w-lightweight, _originali/
6_2_IMG_7f0b2d62-fe27-4873-9e22-a29fa8c411b5.webp;solaren-panel-110w-lightweight-bez-pregryavane-1.webp;"продукт solaren-panel-110w-lightweight — секция „Без прегряване""";Медия № 405, content/solaren-panel-110w-lightweight, _originali/
ecoflow-130w-rvmax-rigid-solar-panel-1170443859.webp;solaren-panel-130w-rvmax-2br-1.webp;продукт solaren-panel-130w-rvmax-2br — главна снимка;Медия № 406, content/solaren-panel-130w-rvmax-2br, _originali/
ecoflow-130w-rvmax-rigid-solar-panel-1167844143.webp;solaren-panel-130w-rvmax-2br-2.webp;продукт solaren-panel-130w-rvmax-2br — галерия 2;Медия № 407, content/solaren-panel-130w-rvmax-2br, _originali/
ecoflow-130w-rvmax-rigid-solar-panel-1167844162.webp;solaren-panel-130w-rvmax-2br-3.webp;продукт solaren-panel-130w-rvmax-2br — галерия 3;Медия № 408, content/solaren-panel-130w-rvmax-2br, _originali/
1_1_aa048f29-cb7e-42d7-9956-0ffdfe1f44b9.jpg;solaren-panel-130w-rvmax-2br-pregled-1.jpg;"продукт solaren-panel-130w-rvmax-2br — секция „Преглед""";Медия № 409, content/solaren-panel-130w-rvmax-2br, snimki/, _originali/
2_1_img_5461ae55-3552-49dc-a6cd-8515c971258b.webp;solaren-panel-130w-rvmax-2br-razmer-za-vsyakakvi-kemperi-1.webp;"продукт solaren-panel-130w-rvmax-2br — секция „Размер за всякакви кемпери""";Медия № 410, content/solaren-panel-130w-rvmax-2br, _originali/
2_2_img_1a290a20-e3e6-49de-9d1c-f8eed9e0d5ef.webp;solaren-panel-130w-rvmax-2br-ultratanak-dizayn-za-nisko-1.webp;"продукт solaren-panel-130w-rvmax-2br — секция „Ултратънък дизайн за ниско""";Медия № 411, content/solaren-panel-130w-rvmax-2br, _originali/
3_1_img_6d075ebd-4ab5-48a0-97c0-5c74c7534f5d.jpg;solaren-panel-130w-rvmax-2br-modulen-1.jpg;"продукт solaren-panel-130w-rvmax-2br — секция „Модулен""";Медия № 412, content/solaren-panel-130w-rvmax-2br, snimki/, _originali/
3_2_img_948c51fa-e4bd-4b0d-a3fe-debcc51ccb3d.jpg;solaren-panel-130w-rvmax-2br-bezopasna-i-oprostena-vrazka-1.jpg;"продукт solaren-panel-130w-rvmax-2br — секция „Безопасна и опростена връзка""";Медия № 413, content/solaren-panel-130w-rvmax-2br, snimki/, _originali/
4_1_img_db375512-6661-41f1-b41a-de7bb19f1606.jpg;solaren-panel-130w-rvmax-2br-topcon-1.jpg;"продукт solaren-panel-130w-rvmax-2br — секция „TOPCon""";Медия № 414, content/solaren-panel-130w-rvmax-2br, _originali/
4_2_img_11bf20ec-1225-4e1f-a8be-7cabe057bbd9.jpg;solaren-panel-130w-rvmax-2br-obnoveni-n-tip-topcon-solarni-1.jpg;"продукт solaren-panel-130w-rvmax-2br — секция „Обновени N-тип TOPCon соларни""";Медия № 415, content/solaren-panel-130w-rvmax-2br, snimki/, _originali/
5_1_img_36fd6c58-6a72-4a73-bc86-cd4d7c230c8f.jpg;solaren-panel-130w-rvmax-2br-izdrazhlivost-1.jpg;"продукт solaren-panel-130w-rvmax-2br — секция „Издръжливост""";Медия № 416, content/solaren-panel-130w-rvmax-2br, snimki/, _originali/
6_1_img_5e630f50-83b2-4294-bb28-a09de49b7529.webp;solaren-panel-130w-rvmax-2br-savmestimost-1.webp;"продукт solaren-panel-130w-rvmax-2br — секция „Съвместимост""";Медия № 417, content/solaren-panel-130w-rvmax-2br, _originali/
7_1_img-fde392.webp;solaren-panel-130w-rvmax-2br-savmestimost-2-1.webp;"продукт solaren-panel-130w-rvmax-2br — секция „Съвместимост""";Медия № 418, content/solaren-panel-130w-rvmax-2br, _originali/
7_2_img-c93002.webp;solaren-panel-130w-rvmax-2br-savmestimost-2-2.webp;"продукт solaren-panel-130w-rvmax-2br — секция „Съвместимост""";Медия № 419, content/solaren-panel-130w-rvmax-2br, _originali/
7_3_img-728374.webp;solaren-panel-130w-rvmax-2br-savmestimost-2-3.webp;"продукт solaren-panel-130w-rvmax-2br — секция „Съвместимост""";Медия № 420, content/solaren-panel-130w-rvmax-2br, _originali/
7_4_img.webp;solaren-panel-130w-rvmax-2br-savmestimost-2-4.webp;"продукт solaren-panel-130w-rvmax-2br — секция „Съвместимост""";Медия № 421, content/solaren-panel-130w-rvmax-2br, _originali/
8_1_img_2e5e5e4d-3078-4f5a-a15b-24cf3c3a4ebd.jpg;solaren-panel-130w-rvmax-2br-kakvo-ima-v-kutiyata-1.jpg;"продукт solaren-panel-130w-rvmax-2br — секция „Какво има в кутията""";Медия № 422, content/solaren-panel-130w-rvmax-2br, snimki/, _originali/
56916_1.webp;solaren-panel-160w-1.webp;продукт solaren-panel-160w — главна снимка;Медия № 423, content/solaren-panel-160w, _originali/
56916_2.webp;solaren-panel-160w-2.webp;продукт solaren-panel-160w — галерия 2;Медия № 424, content/solaren-panel-160w, _originali/
56916_3.webp;solaren-panel-160w-3.webp;продукт solaren-panel-160w — галерия 3;Медия № 425, content/solaren-panel-160w, _originali/
56916_4.webp;solaren-panel-160w-4.webp;продукт solaren-panel-160w — галерия 4;Медия № 426, content/solaren-panel-160w, _originali/
56916_5.webp;solaren-panel-160w-5.webp;продукт solaren-panel-160w — галерия 5;Медия № 427, content/solaren-panel-160w, _originali/
56916_6.webp;solaren-panel-160w-6.webp;продукт solaren-panel-160w — галерия 6;Медия № 428, content/solaren-panel-160w, _originali/
56916_7.webp;solaren-panel-160w-7.webp;продукт solaren-panel-160w — галерия 7;Медия № 429, content/solaren-panel-160w, _originali/
56916_8.webp;solaren-panel-160w-8.webp;продукт solaren-panel-160w — галерия 8;Медия № 430, content/solaren-panel-160w, _originali/
ecoflow-160w-lightweight-portable-solar-panel-1242802814.webp;solaren-panel-160w-lightweight-1.webp;продукт solaren-panel-160w-lightweight — главна снимка;Медия № 431, content/solaren-panel-160w-lightweight, _originali/
ecoflow-160w-lightweight-portable-solar-panel-1242802817.webp;solaren-panel-160w-lightweight-2.webp;продукт solaren-panel-160w-lightweight — галерия 2;Медия № 432, content/solaren-panel-160w-lightweight, _originali/
ecoflow-160w-lightweight-portable-solar-panel-1242802816.webp;solaren-panel-160w-lightweight-3.webp;продукт solaren-panel-160w-lightweight — галерия 3;Медия № 433, content/solaren-panel-160w-lightweight, _originali/
ecoflow-160w-lightweight-portable-solar-panel-1242802815.webp;solaren-panel-160w-lightweight-4.webp;продукт solaren-panel-160w-lightweight — галерия 4;Медия № 434, content/solaren-panel-160w-lightweight, _originali/
EU_1_PC.jpg;solaren-panel-160w-lightweight-pregled-1.jpg;"продукт solaren-panel-160w-lightweight — секция „Преглед""";Медия № 435, content/solaren-panel-160w-lightweight, snimki/, _originali/
3_1_PC_f340019f-74e8-4424-b3b4-e215fc963b57.jpg;solaren-panel-160w-lightweight-dvulicev-1.jpg;"продукт solaren-panel-160w-lightweight — секция „Двулицев""";Медия № 436, content/solaren-panel-160w-lightweight, _originali/
2_1_PC_31568195-b335-47d5-a6f0-618adcdb2d19.jpg;solaren-panel-160w-lightweight-portativnost-1.jpg;"продукт solaren-panel-160w-lightweight — секция „Портативност""";Медия № 437, content/solaren-panel-160w-lightweight, _originali/
EU_4_1_PC.jpg;solaren-panel-160w-lightweight-vgraden-xt60-1.jpg;"продукт solaren-panel-160w-lightweight — секция „Вграден XT60""";Медия № 438, content/solaren-panel-160w-lightweight, snimki/, _originali/
EU_5_PC.jpg;solaren-panel-160w-lightweight-stoyka-1.jpg;"продукт solaren-panel-160w-lightweight — секция „Стойка""";Медия № 439, content/solaren-panel-160w-lightweight, snimki/, _originali/
EU_6_PC.jpg;solaren-panel-160w-lightweight-vodach-1.jpg;"продукт solaren-panel-160w-lightweight — секция „Водач""";Медия № 440, content/solaren-panel-160w-lightweight, snimki/, _originali/
EU_7_PC.jpg;solaren-panel-160w-lightweight-izdrazhlivost-1.jpg;"продукт solaren-panel-160w-lightweight — секция „Издръжливост""";Медия № 441, content/solaren-panel-160w-lightweight, snimki/, _originali/
8_1_img_6730d52b-6871-4f98-8cea-8dd9a972907a.webp;solaren-panel-160w-lightweight-5-godini-garanciya-1.webp;"продукт solaren-panel-160w-lightweight — секция „5 години гаранция""";Медия № 442, content/solaren-panel-160w-lightweight, content/solaren-panel-220w-lightweight, _originali/
ecoflow-175w-rigid-solar-panel-59490609561943.webp;solaren-panel-175w-rigid-1.webp;продукт solaren-panel-175w-rigid — главна снимка;Медия № 443, content/solaren-panel-175w-rigid, _originali/
ecoflow-175w-rigid-solar-panel-59490609594711.webp;solaren-panel-175w-rigid-2.webp;продукт solaren-panel-175w-rigid — галерия 2;Медия № 444, content/solaren-panel-175w-rigid, _originali/
ecoflow-175w-rigid-solar-panel-59490609627479.webp;solaren-panel-175w-rigid-3.webp;продукт solaren-panel-175w-rigid — галерия 3;Медия № 445, content/solaren-panel-175w-rigid, _originali/
ecoflow-175w-rigid-solar-panel-59490609660247.webp;solaren-panel-175w-rigid-4.webp;продукт solaren-panel-175w-rigid — галерия 4;Медия № 446, content/solaren-panel-175w-rigid, _originali/
PC_ksp_3c146680-7bba-4bff-bb79-cac58387de3c.jpg;solaren-panel-175w-rigid-pregled-1.jpg;"продукт solaren-panel-175w-rigid — секция „Преглед""";Медия № 447, content/solaren-panel-175w-rigid, snimki/, _originali/
PC_ksp_a921113c-9eb9-4fd8-a263-e68fdb948b5b.webp;solaren-panel-175w-rigid-topcon-1.webp;"продукт solaren-panel-175w-rigid — секция „TOPCon""";Медия № 448, content/solaren-panel-175w-rigid, _originali/
PC_ksp_34845a82-23df-4bdc-850e-3d0a563e5d0f.jpg;solaren-panel-175w-rigid-zashto-n-tip-topcon-kletkite-1.jpg;"продукт solaren-panel-175w-rigid — секция „Защо N-тип TOPCon клетките""";Медия № 449, content/solaren-panel-175w-rigid, snimki/, _originali/
PC_ksp_79dafa1d-2a73-4a37-af48-7a50c9f5b49c.jpg;solaren-panel-175w-rigid-izdrazhlivost-1.jpg;"продукт solaren-panel-175w-rigid — секция „Издръжливост""";Медия № 450, content/solaren-panel-175w-rigid, snimki/, _originali/
PC_ksp_c771113a-efc3-4ab3-8a10-201f75b86488.jpg;solaren-panel-175w-rigid-za-van-1.jpg;"продукт solaren-panel-175w-rigid — секция „За ван""";Медия № 451, content/solaren-panel-175w-rigid, snimki/, _originali/
PC_ksp_dfdbb760-98e9-4fcb-ba1d-206fc4f2b7b0.jpg;solaren-panel-175w-rigid-idealen-i-za-pokriv-1.jpg;"продукт solaren-panel-175w-rigid — секция „Идеален и за покрив""";Медия № 452, content/solaren-panel-175w-rigid, snimki/, _originali/
PC_ksp.jpg;solaren-panel-175w-rigid-za-doma-1.jpg;"продукт solaren-panel-175w-rigid — секция „За дома""";Медия № 453, content/solaren-panel-175w-rigid, _originali/
PC_ksp_c1af46e6-6a97-4288-a053-69f02eef5536.jpg;solaren-panel-175w-rigid-montazh-1.jpg;"продукт solaren-panel-175w-rigid — секция „Монтаж""";Медия № 454, content/solaren-panel-175w-rigid, snimki/, _originali/
PC_ksp_e78edb67-6ce3-431d-9543-974d2c826e0b.webp;solaren-panel-175w-rigid-savmestimost-1.webp;"продукт solaren-panel-175w-rigid — секция „Съвместимост""";Медия № 455, content/solaren-panel-175w-rigid, _originali/
PC_ksp_4d8970d1-a210-42cb-b6cf-e65d4cf1b33e.jpg;solaren-panel-175w-rigid-vreme-za-zarezhdane-1.jpg;"продукт solaren-panel-175w-rigid — секция „Време за зареждане""";Медия № 456, content/solaren-panel-175w-rigid, snimki/, _originali/
PC_ksp_a1765443-5d68-4867-bd3c-942117e14d93.jpg;solaren-panel-175w-rigid-kak-da-izberete-solaren-1.jpg;"продукт solaren-panel-175w-rigid — секция „Как да изберете соларен""";Медия № 457, content/solaren-panel-175w-rigid, snimki/, _originali/
PC_ksp_c7b022fb-825a-46f9-a64e-c73260d996d7.jpg;solaren-panel-175w-rigid-kakvo-ima-v-kutiyata-1.jpg;"продукт solaren-panel-175w-rigid — секция „Какво има в кутията""";Медия № 458, content/solaren-panel-175w-rigid, snimki/, _originali/
ecoflow-220w-lightweight-portable-solar-panel-1227803751.webp;solaren-panel-220w-lightweight-1.webp;продукт solaren-panel-220w-lightweight — главна снимка;Медия № 459, content/solaren-panel-220w-lightweight, _originali/
ecoflow-220w-lightweight-portable-solar-panel-1227803747.webp;solaren-panel-220w-lightweight-2.webp;продукт solaren-panel-220w-lightweight — галерия 2;Медия № 460, content/solaren-panel-220w-lightweight, _originali/
ecoflow-220w-lightweight-portable-solar-panel-1227803750.webp;solaren-panel-220w-lightweight-3.webp;продукт solaren-panel-220w-lightweight — галерия 3;Медия № 461, content/solaren-panel-220w-lightweight, _originali/
ecoflow-220w-lightweight-portable-solar-panel-1227803746.webp;solaren-panel-220w-lightweight-4.webp;продукт solaren-panel-220w-lightweight — галерия 4;Медия № 462, content/solaren-panel-220w-lightweight, _originali/
ecoflow-220w-lightweight-portable-solar-panel-1227803749.webp;solaren-panel-220w-lightweight-5.webp;продукт solaren-panel-220w-lightweight — галерия 5;Медия № 463, content/solaren-panel-220w-lightweight, _originali/
ecoflow-220w-lightweight-portable-solar-panel-1227803748.webp;solaren-panel-220w-lightweight-6.webp;продукт solaren-panel-220w-lightweight — галерия 6;Медия № 464, content/solaren-panel-220w-lightweight, _originali/
1_1_2d2e57d9-ef30-4d52-b572-166f4bc159fb.jpg;solaren-panel-220w-lightweight-pregled-1.jpg;"продукт solaren-panel-220w-lightweight — секция „Преглед""";Медия № 465, content/solaren-panel-220w-lightweight, snimki/, _originali/
2_1_img_99353635-3d7c-47e0-a2f2-5c2ba77696ea.jpg;solaren-panel-220w-lightweight-portativnost-1.jpg;"продукт solaren-panel-220w-lightweight — секция „Портативност""";Медия № 466, content/solaren-panel-220w-lightweight, snimki/, _originali/
3_1_img_b20db4c3-215b-43d7-a1ca-3fa9cecc4cde.webp;solaren-panel-220w-lightweight-vgraden-xt60-1.webp;"продукт solaren-panel-220w-lightweight — секция „Вграден XT60""";Медия № 467, content/solaren-panel-220w-lightweight, _originali/
4_1_img_f0c921ec-824b-4043-967e-62d24c1330ca.webp;solaren-panel-220w-lightweight-dvulicev-1.webp;"продукт solaren-panel-220w-lightweight — секция „Двулицев""";Медия № 468, content/solaren-panel-220w-lightweight, _originali/
5_1_img_65cf452b-7343-4ba0-a82b-1cfd03060933.webp;solaren-panel-220w-lightweight-stoyka-1.webp;"продукт solaren-panel-220w-lightweight — секция „Стойка""";Медия № 469, content/solaren-panel-220w-lightweight, _originali/
6_1_IMG_ac2a8883-30bc-4b2c-a494-4ff077722505.jpg;solaren-panel-220w-lightweight-vodach-1.jpg;"продукт solaren-panel-220w-lightweight — секция „Водач""";Медия № 470, content/solaren-panel-220w-lightweight, snimki/, _originali/
7_1_IMG_0a176ab3-79bf-4a81-99a2-f49c4024924c.jpg;solaren-panel-220w-lightweight-izdrazhlivost-1.jpg;"продукт solaren-panel-220w-lightweight — секция „Издръжливост""";Медия № 471, content/solaren-panel-220w-lightweight, snimki/, _originali/
ecoflow-250w-rigid-solar-panel-4-pieces-1183981796.webp;solaren-panel-250w-rigid-4br-1.webp;продукт solaren-panel-250w-rigid-4br — главна снимка;Медия № 472, content/solaren-panel-250w-rigid-4br, _originali/
1_1_f10a0f2c-a3eb-445a-8477-ef3de10c060e.jpg;solaren-panel-250w-rigid-4br-pregled-1.jpg;"продукт solaren-panel-250w-rigid-4br — секция „Преглед""";Медия № 473, content/solaren-panel-250w-rigid-4br, snimki/, _originali/
2_1_IMG_8d6e0ea9-08d6-4911-863d-bb5b603507d1.jpg;solaren-panel-250w-rigid-4br-dvulicev-1.jpg;"продукт solaren-panel-250w-rigid-4br — секция „Двулицев""";Медия № 474, content/solaren-panel-250w-rigid-4br, snimki/, _originali/
3_1_IMG_ec998e24-75db-4be6-91c3-ca33a8f3093a.jpg;solaren-panel-250w-rigid-4br-n-tip-1.jpg;"продукт solaren-panel-250w-rigid-4br — секция „N-тип""";Медия № 475, content/solaren-panel-250w-rigid-4br, snimki/, _originali/
4_1_IMG_085dfeb4-448e-46e7-aa70-d5ef6efca764.jpg;solaren-panel-250w-rigid-4br-prilozhenie-1.jpg;"продукт solaren-panel-250w-rigid-4br — секция „Приложение""";Медия № 476, content/solaren-panel-250w-rigid-4br, snimki/, _originali/
5_1_IMG_0dd21f76-98db-4323-9a52-15437cb136b8.webp;solaren-panel-250w-rigid-4br-ip68-1.webp;"продукт solaren-panel-250w-rigid-4br — секция „IP68""";Медия № 477, content/solaren-panel-250w-rigid-4br, _originali/
6_1_IMG_40a89695-0bdf-4d7a-a891-7f07b34cab51.webp;solaren-panel-250w-rigid-4br-montazh-1.webp;"продукт solaren-panel-250w-rigid-4br — секция „Монтаж""";Медия № 478, content/solaren-panel-250w-rigid-4br, _originali/
7_1_IMG_5be5177c-704b-491d-b894-be44e5c39872.jpg;solaren-panel-250w-rigid-4br-raznoobrazni-nachini-za-montazh-1.jpg;"продукт solaren-panel-250w-rigid-4br — секция „Разнообразни начини за монтаж""";Медия № 479, content/solaren-panel-250w-rigid-4br, snimki/, _originali/
ecoflow-400w-portable-solar-panel-1186050766.webp;solaren-panel-400w-lightweight-1.webp;продукт solaren-panel-400w-lightweight — главна снимка;Медия № 480, content/solaren-panel-400w-lightweight, _originali/
ecoflow-400w-portable-solar-panel-1186050765.webp;solaren-panel-400w-lightweight-2.webp;продукт solaren-panel-400w-lightweight — галерия 2;Медия № 481, content/solaren-panel-400w-lightweight, _originali/
ecoflow-400w-portable-solar-panel-1186050764.webp;solaren-panel-400w-lightweight-3.webp;продукт solaren-panel-400w-lightweight — галерия 3;Медия № 482, content/solaren-panel-400w-lightweight, _originali/
1_1_453689ca-90b8-4d8f-ba2e-174986fecde8.jpg;solaren-panel-400w-lightweight-pregled-1.jpg;"продукт solaren-panel-400w-lightweight — секция „Преглед""";Медия № 483, content/solaren-panel-400w-lightweight, snimki/, _originali/
2_1_img_9c9c5052-2f33-441f-9bed-f90eda22f179.webp;solaren-panel-400w-lightweight-dvulicev-1.webp;"продукт solaren-panel-400w-lightweight — секция „Двулицев""";Медия № 484, content/solaren-panel-400w-lightweight, _originali/
3_1_img_bbb77589-02c2-44c6-90e9-6ee9326f3c79.webp;solaren-panel-400w-lightweight-portativnost-1.webp;"продукт solaren-panel-400w-lightweight — секция „Портативност""";Медия № 485, content/solaren-panel-400w-lightweight, _originali/
4_1_img_e5d98993-50d8-46d5-8eef-34b64a7842b3.jpg;solaren-panel-400w-lightweight-stoyka-1.jpg;"продукт solaren-panel-400w-lightweight — секция „Стойка""";Медия № 486, content/solaren-panel-400w-lightweight, snimki/, _originali/
5_1_IMG_9365500e-0f06-4946-9e03-4f9cd9f99db5.jpg;solaren-panel-400w-lightweight-vodach-1.jpg;"продукт solaren-panel-400w-lightweight — секция „Водач""";Медия № 487, content/solaren-panel-400w-lightweight, snimki/, _originali/
6_1_IMG_dba0cb1a-07ee-4d35-9fd0-e15ef3d78f1d.webp;solaren-panel-400w-lightweight-izdrazhlivost-1.webp;"продукт solaren-panel-400w-lightweight — секция „Издръжливост""";Медия № 488, content/solaren-panel-400w-lightweight, _originali/
6_2_IMG.webp;solaren-panel-400w-lightweight-bez-pregryavane-1.webp;"продукт solaren-panel-400w-lightweight — секция „Без прегряване""";Медия № 489, content/solaren-panel-400w-lightweight, _originali/
ecoflow-400w-rigid-solar-panel-42663959003300.webp;solaren-panel-400w-rigid-2br-1.webp;продукт solaren-panel-400w-rigid-2br — главна снимка;Медия № 490, content/solaren-panel-400w-rigid-2br, _originali/
ecoflow-400w-rigid-solar-panel-42466327986340.webp;solaren-panel-400w-rigid-2br-2.webp;продукт solaren-panel-400w-rigid-2br — галерия 2;Медия № 491, content/solaren-panel-400w-rigid-2br, _originali/
ecoflow-400w-rigid-solar-panel-42466328051876.webp;solaren-panel-400w-rigid-2br-3.webp;продукт solaren-panel-400w-rigid-2br — галерия 3;Медия № 492, content/solaren-panel-400w-rigid-2br, _originali/
ecoflow-400w-rigid-solar-panel-42466329133220.jpg;solaren-panel-400w-rigid-2br-4.jpg;продукт solaren-panel-400w-rigid-2br — галерия 4;Медия № 493, content/solaren-panel-400w-rigid-2br, _originali/
ecoflow-400w-rigid-solar-panel-42466329231524.jpg;solaren-panel-400w-rigid-2br-5.jpg;продукт solaren-panel-400w-rigid-2br — галерия 5;Медия № 494, content/solaren-panel-400w-rigid-2br, _originali/
400_rigid_1.jpg;solaren-panel-400w-rigid-2br-pregled-1.jpg;"продукт solaren-panel-400w-rigid-2br — секция „Преглед""";Медия № 495, content/solaren-panel-400w-rigid-2br, snimki/, _originali/
400_rigid_2.jpg;solaren-panel-400w-rigid-2br-400w-tvard-solaren-panel-1.jpg;"продукт solaren-panel-400w-rigid-2br — секция „400W твърд соларен панел""";Медия № 496, content/solaren-panel-400w-rigid-2br, snimki/, _originali/
400_rigid_3.webp;solaren-panel-400w-rigid-2br-efektivnost-1.webp;"продукт solaren-panel-400w-rigid-2br — секция „Ефективност""";Медия № 497, content/solaren-panel-400w-rigid-2br, _originali/
400_rigid_4.jpg;solaren-panel-400w-rigid-2br-izdrazhlivost-1.jpg;"продукт solaren-panel-400w-rigid-2br — секция „Издръжливост""";Медия № 498, content/solaren-panel-400w-rigid-2br, snimki/, _originali/
400_rigid_5.webp;solaren-panel-400w-rigid-2br-prilozhenie-1.webp;"продукт solaren-panel-400w-rigid-2br — секция „Приложение""";Медия № 499, content/solaren-panel-400w-rigid-2br, _originali/
400_rigid_what_s_in_the_box.webp;solaren-panel-400w-rigid-2br-kakvo-ima-v-kutiyata-1.webp;"продукт solaren-panel-400w-rigid-2br — секция „Какво има в кутията""";Медия № 500, content/solaren-panel-400w-rigid-2br, _originali/
ecoflow-450w-portable-solar-panel-59886674510167.webp;solaren-panel-450w-rigid-2br-1.webp;продукт solaren-panel-450w-rigid-2br — главна снимка;Медия № 501, content/solaren-panel-450w-rigid-2br, _originali/
1_1_9d938c8d-3c32-48f8-b111-407db55ee9bc.jpg;solaren-panel-450w-rigid-2br-pregled-1.jpg;"продукт solaren-panel-450w-rigid-2br — секция „Преглед""";Медия № 502, content/solaren-panel-450w-rigid-2br, snimki/, _originali/
2_1_2fd2b898-0074-4b14-8b01-409355337f9d.webp;solaren-panel-450w-rigid-2br-montazh-1.webp;"продукт solaren-panel-450w-rigid-2br — секция „Монтаж""";Медия № 503, content/solaren-panel-450w-rigid-2br, _originali/
3_1_fa4b8f94-1987-4575-b789-526d2c96c295.webp;solaren-panel-450w-rigid-2br-450w-tvard-solaren-panel-1.webp;"продукт solaren-panel-450w-rigid-2br — секция „450W твърд соларен панел""";Медия № 504, content/solaren-panel-450w-rigid-2br, _originali/
4_1_150ab9ec-a317-42eb-a9a2-0fe89f441ba4.webp;solaren-panel-450w-rigid-2br-efektivnost-1.webp;"продукт solaren-panel-450w-rigid-2br — секция „Ефективност""";Медия № 505, content/solaren-panel-450w-rigid-2br, _originali/
5_1_b31d0240-7f30-4b89-bbff-98d67d0dab7a.jpg;solaren-panel-450w-rigid-2br-izdrazhlivost-1.jpg;"продукт solaren-panel-450w-rigid-2br — секция „Издръжливост""";Медия № 506, content/solaren-panel-450w-rigid-2br, snimki/, _originali/
6_1_f5e8e172-4612-4de7-ab82-8c80c21da6cc.webp;solaren-panel-450w-rigid-2br-prilozhenie-1.webp;"продукт solaren-panel-450w-rigid-2br — секция „Приложение""";Медия № 507, content/solaren-panel-450w-rigid-2br, _originali/
7_1_e9dadf33-4e68-4d59-80bb-c5498f24e17d.webp;solaren-panel-450w-rigid-2br-savmestimost-1.webp;"продукт solaren-panel-450w-rigid-2br — секция „Съвместимост""";Медия № 508, content/solaren-panel-450w-rigid-2br, _originali/
8_1.webp;solaren-panel-450w-rigid-2br-kakvo-ima-v-kutiyata-1.webp;"продукт solaren-panel-450w-rigid-2br — секция „Какво има в кутията""";Медия № 509, content/solaren-panel-450w-rigid-2br, _originali/
ecoflow-45w-portable-solar-panel-59582276665687.webp;solaren-panel-45w-type-c-1.webp;продукт solaren-panel-45w-type-c — главна снимка;Медия № 510, content/solaren-panel-45w-type-c, _originali/
ecoflow-45w-portable-solar-panel-59582276632919.webp;solaren-panel-45w-type-c-2.webp;продукт solaren-panel-45w-type-c — галерия 2;Медия № 511, content/solaren-panel-45w-type-c, _originali/
ecoflow-45w-portable-solar-panel-59582276731223.webp;solaren-panel-45w-type-c-3.webp;продукт solaren-panel-45w-type-c — галерия 3;Медия № 512, content/solaren-panel-45w-type-c, _originali/
ecoflow-45w-portable-solar-panel-59582276600151.webp;solaren-panel-45w-type-c-4.webp;продукт solaren-panel-45w-type-c — галерия 4;Медия № 513, content/solaren-panel-45w-type-c, _originali/
ecoflow-45w-portable-solar-panel-59582276567383.webp;solaren-panel-45w-type-c-5.webp;продукт solaren-panel-45w-type-c — галерия 5;Медия № 514, content/solaren-panel-45w-type-c, _originali/
ecoflow-45w-portable-solar-panel-59582283448663.webp;solaren-panel-45w-type-c-6.webp;продукт solaren-panel-45w-type-c — галерия 6;Медия № 515, content/solaren-panel-45w-type-c, _originali/
ecoflow-45w-portable-solar-panel-59582283481431.webp;solaren-panel-45w-type-c-7.webp;продукт solaren-panel-45w-type-c — галерия 7;Медия № 516, content/solaren-panel-45w-type-c, _originali/
PC_01.webp;solaren-panel-45w-type-c-pregled-1.webp;"продукт solaren-panel-45w-type-c — секция „Преглед""";Медия № 517, content/solaren-panel-45w-type-c, _originali/
PC_02.jpg;solaren-panel-45w-type-c-type-c-1.jpg;"продукт solaren-panel-45w-type-c — секция „Type-C""";Медия № 518, content/solaren-panel-45w-type-c, snimki/, _originali/
PC_03.jpg;solaren-panel-45w-type-c-efektivnost-1.jpg;"продукт solaren-panel-45w-type-c — секция „Ефективност""";Медия № 519, content/solaren-panel-45w-type-c, snimki/, _originali/
PC_03_1.jpg;solaren-panel-45w-type-c-oshte-predimstva-na-topcon-1.jpg;"продукт solaren-panel-45w-type-c — секция „Още предимства на TOPCon""";Медия № 520, content/solaren-panel-45w-type-c, snimki/, _originali/
PC_04.webp;solaren-panel-45w-type-c-kompaktnost-1.webp;"продукт solaren-panel-45w-type-c — секция „Компактност""";Медия № 521, content/solaren-panel-45w-type-c, _originali/
PC_05.jpg;solaren-panel-45w-type-c-izdrazhlivost-1.jpg;"продукт solaren-panel-45w-type-c — секция „Издръжливост""";Медия № 522, content/solaren-panel-45w-type-c, snimki/, _originali/
PC_06.webp;solaren-panel-45w-type-c-okachvane-1.webp;"продукт solaren-panel-45w-type-c — секция „Окачване""";Медия № 523, content/solaren-panel-45w-type-c, _originali/
PC_07.jpg;solaren-panel-45w-type-c-detayli-na-produkta-1.jpg;"продукт solaren-panel-45w-type-c — секция „Детайли на продукта""";Медия № 524, content/solaren-panel-45w-type-c, snimki/, _originali/
PC_08.jpg;solaren-panel-45w-type-c-kakvo-ima-v-kutiyata-1.jpg;"продукт solaren-panel-45w-type-c — секция „Какво има в кутията""";Медия № 525, content/solaren-panel-45w-type-c, snimki/, _originali/
ecoflow-60w-portable-solar-panel-1144607669.webp;solaren-panel-60w-type-c-1.webp;продукт solaren-panel-60w-type-c — главна снимка;Медия № 526, content/solaren-panel-60w-type-c, _originali/
ecoflow-60w-portable-solar-panel-1144607671.webp;solaren-panel-60w-type-c-2.webp;продукт solaren-panel-60w-type-c — галерия 2;Медия № 527, content/solaren-panel-60w-type-c, _originali/
ecoflow-60w-portable-solar-panel-1144607670.webp;solaren-panel-60w-type-c-3.webp;продукт solaren-panel-60w-type-c — галерия 3;Медия № 528, content/solaren-panel-60w-type-c, _originali/
KSP-1_Compatible.webp;solaren-panel-60w-type-c-pregled-1.webp;"продукт solaren-panel-60w-type-c — секция „Преглед""";Медия № 529, content/solaren-panel-60w-type-c, _originali/
KSP-2_Type-C.jpg;solaren-panel-60w-type-c-type-c-1.jpg;"продукт solaren-panel-60w-type-c — секция „Type-C""";Медия № 530, content/solaren-panel-60w-type-c, snimki/, _originali/
Up_to_25_conversion_rate.webp;solaren-panel-60w-type-c-efektivnost-1.webp;"продукт solaren-panel-60w-type-c — секция „Ефективност""";Медия № 531, content/solaren-panel-60w-type-c, _originali/
ICON.jpg;solaren-panel-60w-type-c-oshte-predimstva-na-topcon-1.jpg;"продукт solaren-panel-60w-type-c — секция „Още предимства на TOPCon""";Медия № 532, content/solaren-panel-60w-type-c, snimki/, _originali/
KSP-4_Compact_a8f5698b-3c7a-4b35-8edc-a693074ce330.webp;solaren-panel-60w-type-c-kompaktnost-1.webp;"продукт solaren-panel-60w-type-c — секция „Компактност""";Медия № 533, content/solaren-panel-60w-type-c, _originali/
Built_to_last.jpg;solaren-panel-60w-type-c-izdrazhlivost-1.jpg;"продукт solaren-panel-60w-type-c — секция „Издръжливост""";Медия № 534, content/solaren-panel-60w-type-c, snimki/, _originali/
KSP-6_Hanging.webp;solaren-panel-60w-type-c-okachvane-1.webp;"продукт solaren-panel-60w-type-c — секция „Окачване""";Медия № 535, content/solaren-panel-60w-type-c, _originali/
Product_Details.jpg;solaren-panel-60w-type-c-detayli-na-produkta-1.jpg;"продукт solaren-panel-60w-type-c — секция „Детайли на продукта""";Медия № 536, content/solaren-panel-60w-type-c, snimki/, _originali/
What_s_in_the_box_Type-C.jpg;solaren-panel-60w-type-c-kakvo-ima-v-kutiyata-1.jpg;"продукт solaren-panel-60w-type-c — секция „Какво има в кутията""";Медия № 537, content/solaren-panel-60w-type-c, snimki/, _originali/
ecoflow-nextgen-220w-bifacial-portable-solar-panel7_1.png;solaren-panel-nextgen-220w-bifacial-1.png;продукт solaren-panel-nextgen-220w-bifacial — главна снимка;Медия № 538, content/solaren-panel-nextgen-220w-bifacial, snimki/, _originali/
ecoflow-nextgen-220w-bifacial-portable-solar-panel0_1.png;solaren-panel-nextgen-220w-bifacial-2.png;продукт solaren-panel-nextgen-220w-bifacial — галерия 2;Медия № 539, content/solaren-panel-nextgen-220w-bifacial, snimki/, _originali/
ecoflow-nextgen-220w-bifacial-portable-solar-panel12_1.png;solaren-panel-nextgen-220w-bifacial-3.png;продукт solaren-panel-nextgen-220w-bifacial — галерия 3;Медия № 540, content/solaren-panel-nextgen-220w-bifacial, snimki/, _originali/
ecoflow-nextgen-220w-bifacial-portable-solar-panel5_1.png;solaren-panel-nextgen-220w-bifacial-4.png;продукт solaren-panel-nextgen-220w-bifacial — галерия 4;Медия № 541, content/solaren-panel-nextgen-220w-bifacial, snimki/, _originali/
ecoflow-nextgen-220w-bifacial-portable-solar-panel6_1.png;solaren-panel-nextgen-220w-bifacial-5.png;продукт solaren-panel-nextgen-220w-bifacial — галерия 5;Медия № 542, content/solaren-panel-nextgen-220w-bifacial, snimki/, _originali/
ecoflow-nextgen-220w-bifacial-portable-solar-panel2_1.png;solaren-panel-nextgen-220w-bifacial-6.png;продукт solaren-panel-nextgen-220w-bifacial — галерия 6;Медия № 543, content/solaren-panel-nextgen-220w-bifacial, snimki/, _originali/
7_1_1_IMG.webp;solaren-panel-110w-lightweight-sravnenie-1.webp;"продукт solaren-panel-110w-lightweight — секция „Сравнение""";Медия № 544, content/solaren-panel-110w-lightweight, _originali/
7_1_2_IMG_35b49a2a-a6d9-453d-9009-41ffd2db6ba6.webp;solaren-panel-110w-lightweight-sravnenie-2.webp;"продукт solaren-panel-110w-lightweight — секция „Сравнение""";Медия № 545, content/solaren-panel-110w-lightweight, _originali/
7_1_IMG_ac91c421-e139-4ea6-a729-6ae856fbb454.webp;solaren-panel-400w-lightweight-sravnenie-1.webp;"продукт solaren-panel-400w-lightweight — секция „Сравнение""";Медия № 546, content/solaren-panel-400w-lightweight, _originali/
7_1_2_IMG_37965ea6-c28a-4165-b6e1-375c1f41c940.webp;solaren-panel-400w-lightweight-sravnenie-2.webp;"продукт solaren-panel-400w-lightweight — секция „Сравнение""";Медия № 547, content/solaren-panel-400w-lightweight, _originali/
ecoflow-stream-ultra-pro-max-1181675438.webp;stream-pro-1.webp;продукт stream-pro — главна снимка;Медия № 548, content/stream-pro, _originali/
ecoflow-stream-ultra-pro-1170917746.webp;stream-pro-2.webp;продукт stream-pro — галерия 2;Медия № 549, content/stream-pro, content/stream-ultra, _originali/
ecoflow-stream-ultra-pro-1158520551.webp;stream-pro-3.webp;продукт stream-pro — галерия 3;Медия № 550, content/stream-pro, content/stream-ultra, _originali/
ecoflow-stream-ultra-pro-1158520550.webp;stream-pro-4.webp;продукт stream-pro — галерия 4;Медия № 551, content/stream-pro, content/stream-ultra, _originali/
ecoflow-stream-series-plug-play-solar-plant-1175543836.webp;stream-pro-5.webp;продукт stream-pro — галерия 5;Медия № 552, content/stream-pro, content/stream-ultra, _originali/
PC_34a8b4ba-0f0c-4098-8a20-25b59c339e3b.jpg;stream-pro-pregled-1.jpg;"продукт stream-pro — секция „Преглед""";Медия № 553, content/stream-pro, content/stream-ultra, snimki/, _originali/
PC_123b5843-bd61-4e5b-a4aa-81ab61b8eae9.jpg;stream-pro-sistemata-1.jpg;"продукт stream-pro — секция „Системата""";Медия № 554, content/stream-pro, content/stream-ultra, snimki/, _originali/
PC_d2aa772f-3e97-437c-af26-4491b9c05f39.jpg;stream-pro-nula-smetki-1.jpg;"продукт stream-pro — секция „Нула сметки""";Медия № 555, content/stream-pro, content/stream-ultra, snimki/, _originali/
PC-1_35022c54-525d-45ee-a9ab-914894dd453d.webp;stream-pro-ac-izhod-1.webp;"продукт stream-pro — секция „AC изход""";Медия № 556, content/stream-pro, content/stream-ultra, _originali/
PC_afc05e98-c95e-457e-858e-5eee1dee4faf.jpg;stream-pro-edna-stapka-po-blizo-do-1.jpg;"продукт stream-pro — секция „Една стъпка по-близо до""";Медия № 557, content/stream-pro, content/stream-ultra, snimki/, _originali/
01_PC_db2b122b-6741-458c-857c-922ea67a1c01.jpg;stream-pro-moshtnost-1.jpg;"продукт stream-pro — секция „Мощност""";Медия № 558, content/stream-pro, content/stream-ultra, snimki/, _originali/
03_PC_5d98729d-3dbc-4202-a8b5-e7bbc7152347.jpg;stream-pro-moshtnost-2.jpg;"продукт stream-pro — секция „Мощност""";Медия № 559, content/stream-pro, content/stream-ultra, snimki/, _originali/
PC_bfb3ebe1-5392-4a4b-bc87-a4dc1ecc4cbe.jpg;stream-pro-razpredeleno-1.jpg;"продукт stream-pro — секция „Разпределено""";Медия № 560, content/stream-pro, content/stream-ultra, snimki/, _originali/
PC_26371c98-a25a-4069-91ae-ee33889b4a2b.jpg;stream-pro-razshiryavane-1.jpg;"продукт stream-pro — секция „Разширяване""";Медия № 561, content/stream-pro, content/stream-ultra, snimki/, _originali/
PC_280903bc-a2cc-4db1-a3c6-38e98cb304d3.jpg;stream-pro-slaba-svetlina-1.jpg;"продукт stream-pro — секция „Слаба светлина""";Медия № 562, content/stream-pro, content/stream-ultra, snimki/, _originali/
PC_dc95e136-b884-498d-bd42-8bab683c8588.jpg;stream-pro-softuer-1.jpg;"продукт stream-pro — секция „Софтуер""";Медия № 563, content/stream-pro, content/stream-ultra, snimki/, _originali/
PC_921de8ad-6440-4324-afdc-36c9eb81dc35.jpg;stream-pro-povishete-spestyavaniyata-s-tou-1.jpg;"продукт stream-pro — секция „Повишете спестяванията с TOU""";Медия № 564, content/stream-pro, content/stream-ultra, snimki/, _originali/
PC_7b3d0dd2-03f8-454f-96b1-1f2ebe52076f.jpg;stream-pro-dinamichni-ceni-na-toka-1.jpg;"продукт stream-pro — секция „Динамични цени на тока""";Медия № 565, content/stream-pro, content/stream-ultra, snimki/, _originali/
PC_fbe6c5dd-1c8a-4580-a703-e6dedb67847b.jpg;stream-pro-tochni-solarni-prognozi-maksimum-1.jpg;"продукт stream-pro — секция „Точни соларни прогнози максимум""";Медия № 566, content/stream-pro, content/stream-ultra, snimki/, _originali/
PC_384754f4-28a8-4589-bbcc-926a928dd3bc.jpg;stream-pro-umen-dom-1.jpg;"продукт stream-pro — секция „Умен дом""";Медия № 567, content/stream-pro, content/stream-ultra, snimki/, _originali/
PC_a4088fad-cc88-48b3-8384-87e6c55d3a13.webp;stream-pro-ecoflow-ai-asistent-bez-1.webp;"продукт stream-pro — секция „EcoFlow AI асистент: без""";Медия № 568, content/stream-pro, content/stream-ultra, _originali/
PC_e3dacad9-d401-494b-9279-77a2222ea172.jpg;stream-pro-zashtita-na-lichnite-vi-1.jpg;"продукт stream-pro — секция „Защита на личните ви""";Медия № 569, content/stream-pro, content/stream-ultra, snimki/, _originali/
PC_44c91e89-4798-4fdc-8866-8bc1d0870953.jpg;stream-pro-bezopasnost-1.jpg;"продукт stream-pro — секция „Безопасност""";Медия № 570, content/stream-pro, content/stream-ultra, snimki/, _originali/
01_PC_acacafa4-9629-4dea-92d6-7ee31f577fa3.jpg;stream-pro-dalag-zhivot-s-lfp-1.jpg;"продукт stream-pro — секция „Дълъг живот с LFP""";Медия № 571, content/stream-pro, content/stream-ultra, snimki/, _originali/
02_PC_7d7bc6b7-0472-49d3-8056-b8ec70084b09.webp;stream-pro-tiha-rabota-do-30-1.webp;"продукт stream-pro — секция „Тиха работа до 30""";Медия № 572, content/stream-pro, content/stream-ultra, _originali/
03_PC_63097602-f363-444f-bd3e-7c3a7d3842d3.jpg;stream-pro-vreme-1.jpg;"продукт stream-pro — секция „Време""";Медия № 573, content/stream-pro, content/stream-ultra, snimki/, _originali/
02_EcoFlow_STREAM_Pro_5e2c9a21-8617-4824-b09c-040d9638aee2.webp;stream-pro-kakvo-ima-v-kutiyata-1.webp;"продукт stream-pro — секция „Какво има в кутията""";Медия № 574, content/stream-pro, _originali/
03_EcoFlow_STREAM_Solar_Panel_Extension_Cable_2.95m_d36041d1-3ff4-4b8b-aea3-342bb12864a4.webp;stream-pro-kakvo-ima-v-kutiyata-2.webp;"продукт stream-pro — секция „Какво има в кутията""";Медия № 575, content/stream-pro, content/stream-ultra, content/stream-ultra-x, _originali/
04_01_EU__Stream_AC_Cable_1.5m_b4a7d5e0-db66-467a-beb3-cc497101a0c4.webp;stream-pro-kakvo-ima-v-kutiyata-3.webp;"продукт stream-pro — секция „Какво има в кутията""";Медия № 576, content/stream-pro, content/stream-ultra, content/stream-ultra-x, _originali/
05_PV_Wrench_2157d0a5-766c-4ab0-a9f0-2ef1faabe06c.webp;stream-pro-kakvo-ima-v-kutiyata-4.webp;"продукт stream-pro — секция „Какво има в кутията""";Медия № 577, content/stream-pro, content/stream-ultra, content/stream-ultra-x, _originali/
08_mounting_bracket.webp;stream-pro-kakvo-ima-v-kutiyata-5.webp;"продукт stream-pro — секция „Какво има в кутията""";Медия № 578, content/stream-pro, content/stream-ultra, content/stream-ultra-x, _originali/
07_locking_bracket.webp;stream-pro-kakvo-ima-v-kutiyata-6.webp;"продукт stream-pro — секция „Какво има в кутията""";Медия № 579, content/stream-pro, content/stream-ultra, content/stream-ultra-x, _originali/
11_Safety_Instructions_2505dcb9-5d6a-4567-b4ad-65fdd9baa52c.webp;stream-pro-kakvo-ima-v-kutiyata-7.webp;"продукт stream-pro — секция „Какво има в кутията""";Медия № 580, content/stream-microinverter, content/stream-pro, content/stream-ultra, _originali/
12_Installation_Guide_ac28aa98-34b4-483a-b0a8-aa3ca8a69857.webp;stream-pro-kakvo-ima-v-kutiyata-8.webp;"продукт stream-pro — секция „Какво има в кутията""";Медия № 581, content/stream-microinverter, content/stream-pro, content/stream-ultra, _originali/
10_Warranty_Card_2f6c83cb-9471-4bb0-aff5-c88266c1c9b7.webp;stream-pro-kakvo-ima-v-kutiyata-9.webp;"продукт stream-pro — секция „Какво има в кутията""";Медия № 582, content/stream-microinverter, content/stream-pro, content/stream-ultra, content/stream-ultra-x, _originali/
ecoflow-stream-ultra-pro-max-1181675439.webp;stream-ultra-1.webp;продукт stream-ultra — главна снимка;Медия № 583, content/stream-ultra, _originali/
01_EcoFlow_STREAM_Ultra_cbbf1e6a-f615-4b74-b07a-6e75dd3bfa0b.webp;stream-ultra-kakvo-ima-v-kutiyata-1.webp;"продукт stream-ultra — секция „Какво има в кутията""";Медия № 584, content/stream-ultra, _originali/
ecoflow-stream-ultra-x-1183190545.webp;stream-ultra-x-1.webp;продукт stream-ultra-x — главна снимка;Медия № 585, content/stream-ultra-x, _originali/
ecoflow-stream-ultra-x-1183190541.webp;stream-ultra-x-2.webp;продукт stream-ultra-x — галерия 2;Медия № 586, content/stream-ultra-x, _originali/
ecoflow-stream-ultra-x-1183190546.webp;stream-ultra-x-3.webp;продукт stream-ultra-x — галерия 3;Медия № 587, content/stream-ultra-x, _originali/
ecoflow-stream-ultra-x-1183190544.webp;stream-ultra-x-4.webp;продукт stream-ultra-x — галерия 4;Медия № 588, content/stream-ultra-x, _originali/
ecoflow-stream-ultra-x-1183190543.webp;stream-ultra-x-5.webp;продукт stream-ultra-x — галерия 5;Медия № 589, content/stream-ultra-x, _originali/
ecoflow-stream-ultra-x-1183190542.webp;stream-ultra-x-6.webp;продукт stream-ultra-x — галерия 6;Медия № 590, content/stream-ultra-x, _originali/
PC_8247c93b-2dce-4443-9ac5-49cb25aa29c9.jpg;stream-ultra-x-pregled-1.jpg;"продукт stream-ultra-x — секция „Преглед""";Медия № 591, content/stream-ultra-x, snimki/, _originali/
tab_02_PC.jpg;stream-ultra-x-2300w-1.jpg;"продукт stream-ultra-x — секция „2300W""";Медия № 592, content/stream-ultra-x, snimki/, _originali/
tab_01_PC.jpg;stream-ultra-x-2300w-2.jpg;"продукт stream-ultra-x — секция „2300W""";Медия № 593, content/stream-ultra-x, snimki/, _originali/
PC_7eeb71b5-642f-4000-83e1-c02bafcf4d85.jpg;stream-ultra-x-kapacitet-1.jpg;"продукт stream-ultra-x — секция „Капацитет""";Медия № 594, content/stream-ultra-x, snimki/, _originali/
PC_63cf3747-aca5-4ee6-a9c1-5a7c60fa5fa1.webp;stream-ultra-x-solaren-vhod-1.webp;"продукт stream-ultra-x — секция „Соларен вход""";Медия № 595, content/stream-ultra-x, _originali/
PC_76859d43-817b-49cc-a7a0-7881f7e78833.jpg;stream-ultra-x-oblacite-i-zdrachat-ne-1.jpg;"продукт stream-ultra-x — секция „Облаците и здрачът не""";Медия № 596, content/stream-ultra-x, snimki/, _originali/
PC_10e5515b-3dd8-4174-ab5f-0b30ee86f38c.jpg;stream-ultra-x-bezopasnost-1.jpg;"продукт stream-ultra-x — секция „Безопасност""";Медия № 597, content/stream-ultra-x, snimki/, _originali/
PC_6eeba3dc-c5bb-418e-88ad-5541a78878d7.jpg;stream-ultra-x-vreme-1.jpg;"продукт stream-ultra-x — секция „Време""";Медия № 598, content/stream-ultra-x, snimki/, _originali/
PC_f638d317-c4e8-4067-b7b2-d9553e21ab3e.jpg;stream-ultra-x-ai-1.jpg;"продукт stream-ultra-x — секция „AI""";Медия № 599, content/stream-ultra-x, snimki/, _originali/
02_PC_a7f4f4d2-fef0-42ab-956a-046055d6ea14.webp;stream-ultra-x-harmoniya-mezhdu-markite-1.webp;"продукт stream-ultra-x — секция „Хармония между марките""";Медия № 600, content/stream-ultra-x, _originali/
PC_01_b5367db9-914e-4388-87dc-3c30ac0bc802.webp;stream-ultra-x-dizayn-1.webp;"продукт stream-ultra-x — секция „Дизайн""";Медия № 601, content/stream-ultra-x, _originali/
PC_7f7c3f03-53eb-4765-bc4d-a52ff4905c8e.jpg;stream-ultra-x-detayli-1.jpg;"продукт stream-ultra-x — секция „Детайли""";Медия № 602, content/stream-ultra-x, snimki/, _originali/
Ultra_X.webp;stream-ultra-x-kakvo-ima-v-kutiyata-1.webp;"продукт stream-ultra-x — секция „Какво има в кутията""";Медия № 603, content/stream-ultra-x, _originali/
11_Safety_Instructions_bf0d7fb5-0d22-4393-8ba1-32f67aefd0bd.webp;stream-ultra-x-kakvo-ima-v-kutiyata-7.webp;"продукт stream-ultra-x — секция „Какво има в кутията""";Медия № 604, content/stream-ultra-x, _originali/
12_Installation_Guide_b8e2163f-ffb1-40f4-8c9c-2bbc97ec92d0.webp;stream-ultra-x-kakvo-ima-v-kutiyata-8.webp;"продукт stream-ultra-x — секция „Какво има в кутията""";Медия № 605, content/stream-ultra-x, _originali/
ecoflow-glacier-classic-portable-fridge-freezer-1167932170.webp;glacier-classic-35l-1.webp;продукт glacier-classic-35l — главна снимка;Медия № 606, content/glacier-classic-35l, _originali/
ecoflow-glacier-classic-portable-fridge-freezer-1167932173.webp;glacier-classic-35l-2.webp;продукт glacier-classic-35l — галерия 2;Медия № 607, content/glacier-classic-35l, content/glacier-classic-45l, content/glacier-classic-55l, _originali/
ecoflow-glacier-classic-portable-fridge-freezer-1167932172.webp;glacier-classic-35l-3.webp;продукт glacier-classic-35l — галерия 3;Медия № 608, content/glacier-classic-35l, content/glacier-classic-45l, content/glacier-classic-55l, _originali/
ecoflow-glacier-classic-portable-fridge-freezer-1167932171.webp;glacier-classic-35l-4.webp;продукт glacier-classic-35l — галерия 4;Медия № 609, content/glacier-classic-35l, content/glacier-classic-45l, content/glacier-classic-55l, _originali/
1_1_363d9420-944b-4b30-8c53-bc6d5077b12a.jpg;glacier-classic-35l-pregled-1.jpg;"продукт glacier-classic-35l — секция „Преглед""";Медия № 610, content/glacier-classic-35l, content/glacier-classic-45l, content/glacier-classic-55l, snimki/, _originali/
2_1_img_f26b2c3e-d998-4427-8d23-109e57cbdea0.jpg;glacier-classic-35l-zoni-1.jpg;"продукт glacier-classic-35l — секция „Зони""";Медия № 611, content/glacier-classic-35l, content/glacier-classic-45l, content/glacier-classic-55l, snimki/, _originali/
3_1_img_b7c97797-455e-4d4d-ad37-d30e396c0ddc.jpg;glacier-classic-35l-kapacitet-1.jpg;"продукт glacier-classic-35l — секция „Капацитет""";Медия № 612, content/glacier-classic-35l, content/glacier-classic-45l, content/glacier-classic-55l, snimki/, _originali/
4_1_img_1b7eb4c5-3323-49c9-a383-f9e8169d62d6.webp;glacier-classic-35l-prilozheniya-1.webp;"продукт glacier-classic-35l — секция „Приложения""";Медия № 613, content/glacier-classic-35l, content/glacier-classic-45l, content/glacier-classic-55l, _originali/
4_2_img.webp;glacier-classic-35l-prilozheniya-2.webp;"продукт glacier-classic-35l — секция „Приложения""";Медия № 614, content/glacier-classic-35l, content/glacier-classic-45l, content/glacier-classic-55l, _originali/
4_3_img.webp;glacier-classic-35l-prilozheniya-3.webp;"продукт glacier-classic-35l — секция „Приложения""";Медия № 615, content/glacier-classic-35l, content/glacier-classic-45l, content/glacier-classic-55l, _originali/
4_4_img.webp;glacier-classic-35l-prilozheniya-4.webp;"продукт glacier-classic-35l — секция „Приложения""";Медия № 616, content/glacier-classic-35l, content/glacier-classic-45l, content/glacier-classic-55l, _originali/
4_5_img.webp;glacier-classic-35l-prilozheniya-5.webp;"продукт glacier-classic-35l — секция „Приложения""";Медия № 617, content/glacier-classic-35l, content/glacier-classic-45l, content/glacier-classic-55l, _originali/
6_1_img_ad425b91-3744-4964-8884-8ce9ebbab1ee.jpg;glacier-classic-35l-bez-raztopen-led-i-1.jpg;"продукт glacier-classic-35l — секция „Без разтопен лед и""";Медия № 618, content/glacier-classic-35l, content/glacier-classic-45l, content/glacier-classic-55l, snimki/, _originali/
7_1_img_cd6b8176-29e9-4871-b03b-5398b3b1e42e.jpg;glacier-classic-35l-ohlazhdane-1.jpg;"продукт glacier-classic-35l — секция „Охлаждане""";Медия № 619, content/glacier-classic-35l, content/glacier-classic-45l, content/glacier-classic-55l, _originali/
7_2_img_670ff47c-e331-4681-b688-340e90e7416d.jpg;glacier-classic-35l-efektiven-kompresor-za-po-dalga-1.jpg;"продукт glacier-classic-35l — секция „Ефективен компресор за по-дълга""";Медия № 620, content/glacier-classic-35l, content/glacier-classic-45l, content/glacier-classic-55l, _originali/
ecoflow-glacier-classic-portable-fridge-freezer-1167932168.webp;glacier-classic-45l-1.webp;продукт glacier-classic-45l — главна снимка;Медия № 621, content/glacier-classic-45l, _originali/
ecoflow-glacier-classic-portable-fridge-freezer-1167932167.webp;glacier-classic-55l-1.webp;продукт glacier-classic-55l — главна снимка;Медия № 622, content/glacier-classic-55l, _originali/
ecoflow-wave-3-portable-air-conditioner-1161220828.webp;wave-3-1.webp;продукт wave-3 — главна снимка;Медия № 623, content/wave-3, content/wave-3-s-bateriya, _originali/
ecoflow-wave-3-portable-air-conditioner-1161220820.webp;wave-3-2.webp;продукт wave-3 — галерия 2;Медия № 624, content/wave-3, content/wave-3-s-bateriya, _originali/
ecoflow-wave-3-portable-air-conditioner-1161220818.webp;wave-3-3.webp;продукт wave-3 — галерия 3;Медия № 625, content/wave-3, content/wave-3-s-bateriya, _originali/
ecoflow-wave-3-portable-air-conditioner-1161220826.webp;wave-3-4.webp;продукт wave-3 — галерия 4;Медия № 626, content/wave-3, content/wave-3-s-bateriya, _originali/
1_1_f0bca206-32e1-4376-bac2-f1ab2c9bee35.jpg;wave-3-pregled-1.jpg;"продукт wave-3 — секция „Преглед""";Медия № 627, content/wave-3, content/wave-3-s-bateriya, snimki/, _originali/
2_1_Car_Camping.webp;wave-3-prilozheniya-1.webp;"продукт wave-3 — секция „Приложения""";Медия № 628, content/wave-3, content/wave-3-s-bateriya, _originali/
2_2_Tent_Camping.webp;wave-3-prilozheniya-2.webp;"продукт wave-3 — секция „Приложения""";Медия № 629, content/wave-3, content/wave-3-s-bateriya, _originali/
2_3_Outdoor_Fun_482f689d-51b0-4fea-a8ab-89ab0f6f1a50.webp;wave-3-prilozheniya-3.webp;"продукт wave-3 — секция „Приложения""";Медия № 630, content/wave-3, content/wave-3-s-bateriya, _originali/
2_4_Outdoor_Fun.webp;wave-3-prilozheniya-4.webp;"продукт wave-3 — секция „Приложения""";Медия № 631, content/wave-3, content/wave-3-s-bateriya, _originali/
2_5_Indoor_Spaces.webp;wave-3-prilozheniya-5.webp;"продукт wave-3 — секция „Приложения""";Медия № 632, content/wave-3, content/wave-3-s-bateriya, _originali/
2_6_Semi-Trucks.webp;wave-3-prilozheniya-6.webp;"продукт wave-3 — секция „Приложения""";Медия № 633, content/wave-3, content/wave-3-s-bateriya, _originali/
2_7_Boating.webp;wave-3-prilozheniya-7.webp;"продукт wave-3 — секция „Приложения""";Медия № 634, content/wave-3, content/wave-3-s-bateriya, _originali/
3_1_img-8c4af0.jpg;wave-3-moshtnost-1.jpg;"продукт wave-3 — секция „Мощност""";Медия № 635, content/wave-3, content/wave-3-s-bateriya, snimki/, _originali/
4_1_img-06cb11.jpg;wave-3-bateriya-1.jpg;"продукт wave-3 — секция „Батерия""";Медия № 636, content/wave-3, content/wave-3-s-bateriya, snimki/, _originali/
5_1_img-7c3699.webp;wave-3-prilozhenie-1.webp;"продукт wave-3 — секция „Приложение""";Медия № 637, content/wave-3, content/wave-3-s-bateriya, _originali/
6_1_Automatic_Function.webp;wave-3-umni-rezhimi-za-maksimalen-1.webp;"продукт wave-3 — секция „Умни режими за максимален""";Медия № 638, content/wave-3, content/wave-3-s-bateriya, _originali/
6_2_Pet_Care.webp;wave-3-umni-rezhimi-za-maksimalen-2.webp;"продукт wave-3 — секция „Умни режими за максимален""";Медия № 639, content/wave-3, content/wave-3-s-bateriya, _originali/
6_3_Dehumidification_Function.webp;wave-3-umni-rezhimi-za-maksimalen-3.webp;"продукт wave-3 — секция „Умни режими за максимален""";Медия № 640, content/wave-3, content/wave-3-s-bateriya, _originali/
6_4_Sleep_Mode.webp;wave-3-umni-rezhimi-za-maksimalen-4.webp;"продукт wave-3 — секция „Умни режими за максимален""";Медия № 641, content/wave-3, content/wave-3-s-bateriya, _originali/
6_5_Water_Drain_Alert.webp;wave-3-umni-rezhimi-za-maksimalen-5.webp;"продукт wave-3 — секция „Умни режими за максимален""";Медия № 642, content/wave-3, content/wave-3-s-bateriya, _originali/
7_1_Solar_Charging_400W.webp;wave-3-zarezhdane-1.webp;"продукт wave-3 — секция „Зареждане""";Медия № 643, content/wave-3, content/wave-3-s-bateriya, _originali/
7_2_EcoFlow_Alternator_Charger_400W_800W.webp;wave-3-zarezhdane-2.webp;"продукт wave-3 — секция „Зареждане""";Медия № 644, content/wave-3, content/wave-3-s-bateriya, _originali/
7_3_AC_Charging_700W.webp;wave-3-zarezhdane-3.webp;"продукт wave-3 — секция „Зареждане""";Медия № 645, content/wave-3, content/wave-3-s-bateriya, _originali/
7_4_Car_Power_Outlet_100W.webp;wave-3-zarezhdane-4.webp;"продукт wave-3 — секция „Зареждане""";Медия № 646, content/wave-3, content/wave-3-s-bateriya, _originali/
9_1_img-374363.jpg;wave-3-novo-1.jpg;"продукт wave-3 — секция „Ново""";Медия № 647, content/wave-3, content/wave-3-s-bateriya, snimki/, _originali/
10_1_1_img.webp;wave-3-kakvo-ima-v-kutiyata-1.webp;"продукт wave-3 — секция „Какво има в кутията""";Медия № 648, content/wave-3, content/wave-3-s-bateriya, _originali/
10_1_2_img.webp;wave-3-kakvo-ima-v-kutiyata-2.webp;"продукт wave-3 — секция „Какво има в кутията""";Медия № 649, content/wave-3, content/wave-3-s-bateriya, _originali/
10_1_3_img.webp;wave-3-kakvo-ima-v-kutiyata-3.webp;"продукт wave-3 — секция „Какво има в кутията""";Медия № 650, content/wave-3, content/wave-3-s-bateriya, _originali/
10_1_4_img.webp;wave-3-kakvo-ima-v-kutiyata-4.webp;"продукт wave-3 — секция „Какво има в кутията""";Медия № 651, content/wave-3, content/wave-3-s-bateriya, _originali/
10_1_5_img.webp;wave-3-kakvo-ima-v-kutiyata-5.webp;"продукт wave-3 — секция „Какво има в кутията""";Медия № 652, content/wave-3, content/wave-3-s-bateriya, _originali/
10_1_6_img.webp;wave-3-kakvo-ima-v-kutiyata-6.webp;"продукт wave-3 — секция „Какво има в кутията""";Медия № 653, content/wave-3, content/wave-3-s-bateriya, _originali/
10_1_7_img_85df9622-a820-4fce-b6ae-c63582396278.webp;wave-3-kakvo-ima-v-kutiyata-7.webp;"продукт wave-3 — секция „Какво има в кутията""";Медия № 654, content/wave-3, content/wave-3-s-bateriya, _originali/
11_1_img_6dae059a-89ad-435a-9668-3c1098d681d3.jpg;wave-3-savmestimost-1.jpg;"продукт wave-3 — секция „Съвместимост""";Медия № 655, content/wave-3, content/wave-3-s-bateriya, snimki/, _originali/
12_1_img_c1455214-d313-4702-be63-833cabb1a842.png;wave-3-savmestimost-na-dopalnitelnata-bateriya-1.png;"продукт wave-3 — секция „Съвместимост на допълнителната батерия""";Медия № 656, content/wave-3, content/wave-3-s-bateriya, _originali/
ecoflow-wave-3-portable-air-conditioner-1161220816.webp;wave-3-s-bateriya-1.webp;продукт wave-3-s-bateriya — главна снимка;Медия № 657, content/wave-3-s-bateriya, _originali/
10_1_8_img.webp;wave-3-s-bateriya-kakvo-ima-v-kutiyata-8.webp;"продукт wave-3-s-bateriya — секция „Какво има в кутията""";Медия № 658, content/wave-3-s-bateriya, _originali/
10_1_9_img.webp;wave-3-s-bateriya-kakvo-ima-v-kutiyata-9.webp;"продукт wave-3-s-bateriya — секция „Какво има в кутията""";Медия № 659, content/wave-3-s-bateriya, _originali/
10_1_10_img.webp;wave-3-s-bateriya-kakvo-ima-v-kutiyata-10.webp;"продукт wave-3-s-bateriya — секция „Какво има в кутията""";Медия № 660, content/wave-3-s-bateriya, _originali/
10_1_11_img.webp;wave-3-s-bateriya-kakvo-ima-v-kutiyata-11.webp;"продукт wave-3-s-bateriya — секция „Какво има в кутията""";Медия № 661, content/wave-3-s-bateriya, _originali/
6dca49d7a614f40dd25bd4ee9f812ccc_73b19d54-3b05-41f4-b0d2-d819cf191980.webp;glacier-classic-35l-dizayn-1.webp;"продукт glacier-classic-35l — секция „Дизайн""";Медия № 662, content/glacier-classic-35l, content/glacier-classic-45l, content/glacier-classic-55l, _originali/
8_2_img.webp;glacier-classic-35l-dizayn-2.webp;"продукт glacier-classic-35l — секция „Дизайн""";Медия № 663, content/glacier-classic-35l, content/glacier-classic-45l, content/glacier-classic-55l, _originali/
8_3_img_4a1a5fa0-440f-41f6-8adc-a0d3b05b932a.webp;glacier-classic-35l-dizayn-3.webp;"продукт glacier-classic-35l — секция „Дизайн""";Медия № 664, content/glacier-classic-35l, content/glacier-classic-45l, content/glacier-classic-55l, _originali/
9_1_img_1ac8b9f1-43af-42fb-a56f-3105c507627b.jpg;glacier-classic-35l-aksesoari-1.jpg;"продукт glacier-classic-35l — секция „Аксесоари""";Медия № 665, content/glacier-classic-35l, content/glacier-classic-45l, content/glacier-classic-55l, _originali/
9_3_img.jpg;glacier-classic-35l-chanta-za-sahranenie-1.jpg;"продукт glacier-classic-35l — секция „Чанта за съхранение""";Медия № 666, content/glacier-classic-35l, content/glacier-classic-45l, content/glacier-classic-55l, _originali/
10_1_img_6504c8eb-017c-49c9-bd72-2ed6688ab835.webp;glacier-classic-35l-skriti-shiroki-drazhki-ot-1.webp;"продукт glacier-classic-35l — секция „Скрити широки дръжки от""";Медия № 667, content/glacier-classic-35l, content/glacier-classic-45l, content/glacier-classic-55l, _originali/
11_1_img_4ec56237-e8ad-46aa-b42b-580969ca01ae.webp;glacier-classic-35l-prilozhenie-1.webp;"продукт glacier-classic-35l — секция „Приложение""";Медия № 668, content/glacier-classic-35l, content/glacier-classic-45l, content/glacier-classic-55l, _originali/
12_1_img_00d79fff-50e4-4445-a9a0-e7d17fb19224.webp;glacier-classic-35l-umni-rezhimi-za-maksimalno-1.webp;"продукт glacier-classic-35l — секция „Умни режими за максимално""";Медия № 669, content/glacier-classic-35l, content/glacier-classic-45l, content/glacier-classic-55l, _originali/
12_2_img.webp;glacier-classic-35l-umni-rezhimi-za-maksimalno-2.webp;"продукт glacier-classic-35l — секция „Умни режими за максимално""";Медия № 670, content/glacier-classic-35l, content/glacier-classic-45l, content/glacier-classic-55l, _originali/
12_3_img.webp;glacier-classic-35l-umni-rezhimi-za-maksimalno-3.webp;"продукт glacier-classic-35l — секция „Умни режими за максимално""";Медия № 671, content/glacier-classic-35l, content/glacier-classic-45l, content/glacier-classic-55l, _originali/
12_4_img.webp;glacier-classic-35l-umni-rezhimi-za-maksimalno-4.webp;"продукт glacier-classic-35l — секция „Умни режими за максимално""";Медия № 672, content/glacier-classic-35l, content/glacier-classic-45l, content/glacier-classic-55l, _originali/
13_1_img_e20c7b63-2b59-4441-aff3-aff485740f2b.jpg;glacier-classic-35l-zahranvane-1.jpg;"продукт glacier-classic-35l — секция „Захранване""";Медия № 673, content/glacier-classic-35l, content/glacier-classic-45l, content/glacier-classic-55l, snimki/, _originali/
14_1_img_9fd88522-7c5a-4cb5-9430-9edf9ce4fa8b.webp;glacier-classic-35l-sluzhi-i-za-vanshna-1.webp;"продукт glacier-classic-35l — секция „Служи и за външна""";Медия № 674, content/glacier-classic-35l, content/glacier-classic-45l, content/glacier-classic-55l, _originali/
16_1_1_img.webp;glacier-classic-35l-kakvo-ima-v-kutiyata-1.webp;"продукт glacier-classic-35l — секция „Какво има в кутията""";Медия № 675, content/glacier-classic-35l, content/glacier-classic-45l, content/glacier-classic-55l, _originali/
16_1_2_img.webp;glacier-classic-35l-kakvo-ima-v-kutiyata-2.webp;"продукт glacier-classic-35l — секция „Какво има в кутията""";Медия № 676, content/glacier-classic-35l, content/glacier-classic-45l, content/glacier-classic-55l, _originali/
16_1_3_img.png;glacier-classic-35l-kakvo-ima-v-kutiyata-3.png;"продукт glacier-classic-35l — секция „Какво има в кутията""";Медия № 677, content/glacier-classic-35l, content/glacier-classic-45l, content/glacier-classic-55l, _originali/
16_1_4_img.webp;glacier-classic-35l-kakvo-ima-v-kutiyata-4.webp;"продукт glacier-classic-35l — секция „Какво има в кутията""";Медия № 678, content/glacier-classic-35l, content/glacier-classic-45l, content/glacier-classic-55l, _originali/
16_1_6_img.png;glacier-classic-35l-kakvo-ima-v-kutiyata-5.png;"продукт glacier-classic-35l — секция „Какво има в кутията""";Медия № 679, content/glacier-classic-35l, content/glacier-classic-45l, content/glacier-classic-55l, _originali/
17_1_img_62f48112-73be-4fa7-8ff0-eaabe9d962bf.jpg;glacier-classic-35l-savmestimost-1.jpg;"продукт glacier-classic-35l — секция „Съвместимост""";Медия № 680, content/glacier-classic-35l, content/glacier-classic-45l, content/glacier-classic-55l, snimki/, _originali/
16_1_5_img.webp;glacier-classic-45l-kakvo-ima-v-kutiyata-5.webp;"продукт glacier-classic-45l — секция „Какво има в кутията""";Медия № 681, content/glacier-classic-45l, content/glacier-classic-55l, _originali/
62856_1.png;camping-light-1.png;продукт camping-light — главна снимка;Медия № 682, content/camping-light, snimki/, _originali/
62856_2.png;camping-light-2.png;продукт camping-light — галерия 2;Медия № 683, content/camping-light, snimki/, _originali/
62856_3.png;camping-light-3.png;продукт camping-light — галерия 3;Медия № 684, content/camping-light, snimki/, _originali/
62856_4.png;camping-light-4.png;продукт camping-light — галерия 4;Медия № 685, content/camping-light, snimki/, _originali/
62856_5.png;camping-light-5.png;продукт camping-light — галерия 5;Медия № 686, content/camping-light, snimki/, _originali/
62856_6.png;camping-light-6.png;продукт camping-light — галерия 6;Медия № 687, content/camping-light, snimki/, _originali/
62856_7.png;camping-light-7.png;продукт camping-light — галерия 7;Медия № 688, content/camping-light, snimki/, _originali/
ecoflow_manual_trasfer_switch_for_ecoflow_deltra_pro_3-1.png;manual-transfer-switch-1.png;продукт manual-transfer-switch — главна снимка;Медия № 689, content/manual-transfer-switch, snimki/, _originali/
61552_1.png;relay-module-16a-1.png;продукт relay-module-16a — главна снимка;Медия № 690, content/relay-module-16a, snimki/, _originali/
61552_2.png;relay-module-16a-2.png;продукт relay-module-16a — галерия 2;Медия № 691, content/relay-module-16a, snimki/, _originali/
61552_3.png;relay-module-16a-3.png;продукт relay-module-16a — галерия 3;Медия № 692, content/relay-module-16a, snimki/, _originali/
61552_4.png;relay-module-16a-4.png;продукт relay-module-16a — галерия 4;Медия № 693, content/relay-module-16a, snimki/, _originali/
61552_5.png;relay-module-16a-5.png;продукт relay-module-16a — галерия 5;Медия № 694, content/relay-module-16a, snimki/, _originali/
61552_6.png;relay-module-16a-6.png;продукт relay-module-16a — галерия 6;Медия № 695, content/relay-module-16a, snimki/, _originali/
61552_7.png;relay-module-16a-7.png;продукт relay-module-16a — галерия 7;Медия № 696, content/relay-module-16a, snimki/, _originali/
70279_7.png;relay-module-20a-1.png;продукт relay-module-20a — главна снимка;Медия № 697, content/relay-module-20a, snimki/, _originali/
70279_6.png;relay-module-20a-2.png;продукт relay-module-20a — галерия 2;Медия № 698, content/relay-module-20a, snimki/, _originali/
70279_1.png;relay-module-20a-3.png;продукт relay-module-20a — галерия 3;Медия № 699, content/relay-module-20a, snimki/, _originali/
70279_2.png;relay-module-20a-4.png;продукт relay-module-20a — галерия 4;Медия № 700, content/relay-module-20a, snimki/, _originali/
70279_3.png;relay-module-20a-5.png;продукт relay-module-20a — галерия 5;Медия № 701, content/relay-module-20a, snimki/, _originali/
70279_4.png;relay-module-20a-6.png;продукт relay-module-20a — галерия 6;Медия № 702, content/relay-module-20a, snimki/, _originali/
70279_5.png;relay-module-20a-7.png;продукт relay-module-20a — галерия 7;Медия № 703, content/relay-module-20a, snimki/, _originali/
70280_1.png;relay-module-30a-1.png;продукт relay-module-30a — главна снимка;Медия № 704, content/relay-module-30a, snimki/, _originali/
70280_2.png;relay-module-30a-2.png;продукт relay-module-30a — галерия 2;Медия № 705, content/relay-module-30a, snimki/, _originali/
70280_3.png;relay-module-30a-3.png;продукт relay-module-30a — галерия 3;Медия № 706, content/relay-module-30a, snimki/, _originali/
70280_4.png;relay-module-30a-4.png;продукт relay-module-30a — галерия 4;Медия № 707, content/relay-module-30a, snimki/, _originali/
70280_5.png;relay-module-30a-5.png;продукт relay-module-30a — галерия 5;Медия № 708, content/relay-module-30a, snimki/, _originali/
70280_6.png;relay-module-30a-6.png;продукт relay-module-30a — галерия 6;Медия № 709, content/relay-module-30a, snimki/, _originali/
70280_7.png;relay-module-30a-7.png;продукт relay-module-30a — галерия 7;Медия № 710, content/relay-module-30a, snimki/, _originali/
ecoflow-smart-meter-1.png;smart-meter-1.png;продукт smart-meter — главна снимка;Медия № 711, content/smart-meter, snimki/, _originali/
ecoflow-smart-meter-2.webp;smart-meter-2.webp;продукт smart-meter — галерия 2;Медия № 712, content/smart-meter, _originali/
ecoflow-smart-meter-3.png;smart-meter-3.png;продукт smart-meter — галерия 3;Медия № 713, content/smart-meter, snimki/, _originali/
PC_KV-Bills_to_0_eu.jpg;smart-meter-pregled-1.jpg;"продукт smart-meter — секция „Преглед""";Медия № 714, content/shelly-pro-3em-smart-meter, content/smart-meter, snimki/, _originali/
pc_Whole-Home_Intelligent.webp;smart-meter-cyal-dom-1.webp;"продукт smart-meter — секция „Цял дом""";Медия № 715, content/shelly-pro-3em-smart-meter, content/smart-meter, _originali/
pc_Pair_with_STREAM_AC_Pro_en.jpg;smart-meter-stream-1.jpg;"продукт smart-meter — секция „STREAM""";Медия № 716, content/shelly-pro-3em-smart-meter, content/smart-meter, snimki/, _originali/
pc_Easy_to_Install.webp;smart-meter-lesen-montazh-1.webp;"продукт smart-meter — секция „Лесен монтаж""";Медия № 717, content/shelly-pro-3em-smart-meter, content/smart-meter, _originali/
PC_OASIS_EU.jpg;smart-meter-oasis-1.jpg;"продукт smart-meter — секция „OASIS""";Медия № 718, content/shelly-pro-3em-smart-meter, content/smart-meter, snimki/, _originali/
pc_Smart_Meter_x_Smart_Plug_eu.jpg;smart-meter-smart-meter-smart-plug-1.jpg;"продукт smart-meter — секция „Smart Meter Smart Plug:""";Медия № 719, content/shelly-pro-3em-smart-meter, content/smart-meter, content/smart-plug, snimki/, _originali/
ecoflow-x-shelly-smart-plug-1183338868.webp;smart-plug-1.webp;продукт smart-plug — главна снимка;Медия № 720, content/smart-plug, _originali/
ecoflow-x-shelly-smart-plug-1170934934.webp;smart-plug-2.webp;продукт smart-plug — галерия 2;Медия № 721, content/smart-plug, _originali/
pc_ksp_eu.jpg;smart-plug-pregled-1.jpg;"продукт smart-plug — секция „Преглед""";Медия № 722, content/smart-plug, snimki/, _originali/
pc_Energy_Auto-Allocation_d5c6c448-4ff4-48eb-a382-899c8dedb75d.jpg;smart-plug-energiya-1.jpg;"продукт smart-plug — секция „Енергия""";Медия № 723, content/smart-plug, snimki/, _originali/
pc_App_Remote_Control.webp;smart-plug-prilozhenie-1.webp;"продукт smart-plug — секция „Приложение""";Медия № 724, content/smart-plug, _originali/
pc_Real-time_Energy_Tracking.webp;smart-plug-sledene-na-energiyata-v-1.webp;"продукт smart-plug — секция „Следене на енергията в""";Медия № 725, content/smart-plug, _originali/
pc_Away_Mode.webp;smart-plug-rezhim-otsastvie-1.webp;"продукт smart-plug — секция „Режим „Отсъствие“""";Медия № 726, content/smart-plug, _originali/
smart_plug_pc_8.jpg;smart-plug-oshte-predimstva-1.jpg;"продукт smart-plug — секция „Още предимства""";Медия № 727, content/smart-plug, snimki/, _originali/
ecoflow-solar-tracker-52476897952083.webp;solar-tracker-1.webp;продукт solar-tracker — главна снимка;Медия № 728, content/solar-tracker, _originali/
ecoflow-solar-tracker-35846458998976.webp;solar-tracker-2.webp;продукт solar-tracker — галерия 2;Медия № 729, content/solar-tracker, _originali/
ecoflow-solar-tracker-35846459031744.webp;solar-tracker-3.webp;продукт solar-tracker — галерия 3;Медия № 730, content/solar-tracker, _originali/
ecoflow-solar-tracker-52476898017619.webp;solar-tracker-4.webp;продукт solar-tracker — галерия 4;Медия № 731, content/solar-tracker, _originali/
ecoflow-solar-tracker-52476898050387.webp;solar-tracker-5.webp;продукт solar-tracker — галерия 5;Медия № 732, content/solar-tracker, _originali/
ecoflow-solar-tracker-52476897984851.webp;solar-tracker-6.webp;продукт solar-tracker — галерия 6;Медия № 733, content/solar-tracker, _originali/
ecoflow-stream-microinverter-1156661596.webp;stream-microinverter-1.webp;продукт stream-microinverter — главна снимка;Медия № 734, content/stream-microinverter, _originali/
ecoflow-stream-microinverter-1159442632.webp;stream-microinverter-2.webp;продукт stream-microinverter — галерия 2;Медия № 735, content/stream-microinverter, _originali/
ecoflow-stream-microinverter-1159442631.webp;stream-microinverter-3.webp;продукт stream-microinverter — галерия 3;Медия № 736, content/stream-microinverter, _originali/
ecoflow-stream-microinverter-1159442630.webp;stream-microinverter-4.webp;продукт stream-microinverter — галерия 4;Медия № 737, content/stream-microinverter, _originali/
ecoflow-stream-microinverter-1159442629.webp;stream-microinverter-5.webp;продукт stream-microinverter — галерия 5;Медия № 738, content/stream-microinverter, _originali/
PC_01_EU.jpg;stream-microinverter-pregled-1.jpg;"продукт stream-microinverter — секция „Преглед""";Медия № 739, content/stream-microinverter, snimki/, _originali/
PC_04_EU.jpg;stream-microinverter-prilozhenie-1.jpg;"продукт stream-microinverter — секция „Приложение""";Медия № 740, content/stream-microinverter, snimki/, _originali/
kele.png;stream-microinverter-svarzva-se-s-umniya-1.png;"продукт stream-microinverter — секция „Свързва се с умния""";Медия № 741, content/stream-microinverter, _originali/
PC_06_EU.jpg;stream-microinverter-vashiyat-ai-energien-asistent-1.jpg;"продукт stream-microinverter — секция „Вашият AI енергиен асистент""";Медия № 742, content/stream-microinverter, snimki/, _originali/
PC_07_EU_33498bfd-f591-4304-977a-23654acab1cb.jpg;stream-microinverter-montazh-1.jpg;"продукт stream-microinverter — секция „Монтаж""";Медия № 743, content/stream-microinverter, snimki/, _originali/
01_Microiverter.webp;stream-microinverter-kakvo-ima-v-kutiyata-1.webp;"продукт stream-microinverter — секция „Какво има в кутията""";Медия № 744, content/stream-microinverter, _originali/
02_01_EcoFlow_STREAM_BKW-AC_Cable_5m.webp;stream-microinverter-kakvo-ima-v-kutiyata-2.webp;"продукт stream-microinverter — секция „Какво има в кутията""";Медия № 745, content/stream-microinverter, _originali/
06_Expansion_screws_with_pipes.webp;stream-microinverter-kakvo-ima-v-kutiyata-3.webp;"продукт stream-microinverter — секция „Какво има в кутията""";Медия № 746, content/stream-microinverter, _originali/
60910_1.png;delta-pro-remote-control-1.png;продукт delta-pro-remote-control — главна снимка;Медия № 747, content/delta-pro-remote-control, snimki/, _originali/
60910_2.png;delta-pro-remote-control-2.png;продукт delta-pro-remote-control — галерия 2;Медия № 748, content/delta-pro-remote-control, snimki/, _originali/
61565_1.png;power-kit-console-1.png;продукт power-kit-console — главна снимка;Медия № 749, content/power-kit-console, snimki/, _originali/
61565_2.png;power-kit-console-2.png;продукт power-kit-console — галерия 2;Медия № 750, content/power-kit-console, snimki/, _originali/
ecoflow_power_kit_power_dock-1.png;power-kit-power-dock-1.png;продукт power-kit-power-dock — главна снимка;Медия № 751, content/power-kit-power-dock, snimki/, _originali/
ecoflow_power_kit_power_dock-2.png;power-kit-power-dock-2.png;продукт power-kit-power-dock — галерия 2;Медия № 752, content/power-kit-power-dock, snimki/, _originali/
ecoflow_power_kit_power_dock-3.png;power-kit-power-dock-3.png;продукт power-kit-power-dock — галерия 3;Медия № 753, content/power-kit-power-dock, snimki/, _originali/
ecoflow_power_kit_power_dock-4.png;power-kit-power-dock-4.png;продукт power-kit-power-dock — галерия 4;Медия № 754, content/power-kit-power-dock, snimki/, _originali/
ecoflow_power_kit_power_dock-5.webp;power-kit-power-dock-5.webp;продукт power-kit-power-dock — галерия 5;Медия № 755, content/power-kit-power-dock, _originali/
61557_1.png;power-kit-power-hub-1.png;продукт power-kit-power-hub — главна снимка;Медия № 756, content/power-kit-power-hub, snimki/, _originali/
61557_2.png;power-kit-power-hub-2.png;продукт power-kit-power-hub — галерия 2;Медия № 757, content/power-kit-power-hub, snimki/, _originali/
61557_3.webp;power-kit-power-hub-3.webp;продукт power-kit-power-hub — галерия 3;Медия № 758, content/power-kit-power-hub, _originali/
ecoflow_power_kit_power_hub_5kva-1.png;power-kit-power-hub-5kva-1.png;продукт power-kit-power-hub-5kva — главна снимка;Медия № 759, content/power-kit-power-hub-5kva, snimki/, _originali/
ecoflow_power_kit_power_hub_5kva-2.webp;power-kit-power-hub-5kva-2.webp;продукт power-kit-power-hub-5kva — галерия 2;Медия № 760, content/power-kit-power-hub-5kva, _originali/
ecoflow_power_kit_power_hub_5kva-3.webp;power-kit-power-hub-5kva-3.webp;продукт power-kit-power-hub-5kva — галерия 3;Медия № 761, content/power-kit-power-hub-5kva, _originali/
ecoflow_power_kit_power_hub_5kva-4.webp;power-kit-power-hub-5kva-4.webp;продукт power-kit-power-hub-5kva — галерия 4;Медия № 762, content/power-kit-power-hub-5kva, _originali/
ecoflow_power_kit_power_hub_5kva-5.webp;power-kit-power-hub-5kva-5.webp;продукт power-kit-power-hub-5kva — галерия 5;Медия № 763, content/power-kit-power-hub-5kva, _originali/
ecoflow_power_kit_power_hub_5kva-6.webp;power-kit-power-hub-5kva-6.webp;продукт power-kit-power-hub-5kva — галерия 6;Медия № 764, content/power-kit-power-hub-5kva, _originali/
ecoflow_power_kit_power_hub_5kva-7.webp;power-kit-power-hub-5kva-7.webp;продукт power-kit-power-hub-5kva — галерия 7;Медия № 765, content/power-kit-power-hub-5kva, _originali/
ecoflow_power_kit_power_hub_5kva-8.webp;power-kit-power-hub-5kva-8.webp;продукт power-kit-power-hub-5kva — галерия 8;Медия № 766, content/power-kit-power-hub-5kva, _originali/
ecoflow_power_kit_power_link-1.png;power-kit-power-link-1.png;продукт power-kit-power-link — главна снимка;Медия № 767, content/power-kit-power-link, snimki/, _originali/
ecoflow_power_kit_power_link-2.png;power-kit-power-link-2.png;продукт power-kit-power-link — галерия 2;Медия № 768, content/power-kit-power-link, snimki/, _originali/
ecoflow_power_kit_power_link-3.webp;power-kit-power-link-3.webp;продукт power-kit-power-link — галерия 3;Медия № 769, content/power-kit-power-link, _originali/
ecoflow_power_kit_power_link-4.webp;power-kit-power-link-4.webp;продукт power-kit-power-link — галерия 4;Медия № 770, content/power-kit-power-link, _originali/
61563_1.png;power-kit-smart-distribution-panel-1.png;продукт power-kit-smart-distribution-panel — главна снимка;Медия № 771, content/power-kit-smart-distribution-panel, snimki/, _originali/
61563_2.png;power-kit-smart-distribution-panel-2.png;продукт power-kit-smart-distribution-panel — галерия 2;Медия № 772, content/power-kit-smart-distribution-panel, snimki/, _originali/
61551_1.png;relay-module-13a-1.png;продукт relay-module-13a — главна снимка;Медия № 773, content/relay-module-13a, snimki/, _originali/
61551_2.png;relay-module-13a-2.png;продукт relay-module-13a — галерия 2;Медия № 774, content/relay-module-13a, snimki/, _originali/
61551_3.png;relay-module-13a-3.png;продукт relay-module-13a — галерия 3;Медия № 775, content/relay-module-13a, snimki/, _originali/
61551_4.png;relay-module-13a-4.png;продукт relay-module-13a — галерия 4;Медия № 776, content/relay-module-13a, snimki/, _originali/
61551_5.png;relay-module-13a-5.png;продукт relay-module-13a — галерия 5;Медия № 777, content/relay-module-13a, snimki/, _originali/
61551_6.png;relay-module-13a-6.png;продукт relay-module-13a — галерия 6;Медия № 778, content/relay-module-13a, snimki/, _originali/
61551_7.png;relay-module-13a-7.png;продукт relay-module-13a — галерия 7;Медия № 779, content/relay-module-13a, snimki/, _originali/
70278_1.png;relay-module-6a-1.png;продукт relay-module-6a — главна снимка;Медия № 780, content/relay-module-6a, snimki/, _originali/
70278_2.png;relay-module-6a-2.png;продукт relay-module-6a — галерия 2;Медия № 781, content/relay-module-6a, snimki/, _originali/
70278_3.png;relay-module-6a-3.png;продукт relay-module-6a — галерия 3;Медия № 782, content/relay-module-6a, snimki/, _originali/
70278_4_1.png;relay-module-6a-4.png;продукт relay-module-6a — галерия 4;Медия № 783, content/relay-module-6a, snimki/, _originali/
70278_5.png;relay-module-6a-5.png;продукт relay-module-6a — галерия 5;Медия № 784, content/relay-module-6a, snimki/, _originali/
70278_6.png;relay-module-6a-6.png;продукт relay-module-6a — галерия 6;Медия № 785, content/relay-module-6a, snimki/, _originali/
70278_7.png;relay-module-6a-7.png;продукт relay-module-6a — галерия 7;Медия № 786, content/relay-module-6a, snimki/, _originali/
ecoflow-x-shelly-smart-meter-shelly-pro-3em-1183338869.webp;shelly-pro-3em-smart-meter-1.webp;продукт shelly-pro-3em-smart-meter — главна снимка;Медия № 787, content/shelly-pro-3em-smart-meter, _originali/
efsmartmeter-eu-120a-1.png;shelly-pro-3em-smart-meter-2.png;продукт shelly-pro-3em-smart-meter — галерия 2;Медия № 788, content/shelly-pro-3em-smart-meter, snimki/, _originali/
efsmartmeter-eu-120a-2.webp;shelly-pro-3em-smart-meter-3.webp;продукт shelly-pro-3em-smart-meter — галерия 3;Медия № 789, content/shelly-pro-3em-smart-meter, _originali/
efsmartmeter-eu-120a-3.webp;shelly-pro-3em-smart-meter-4.webp;продукт shelly-pro-3em-smart-meter — галерия 4;Медия № 790, content/shelly-pro-3em-smart-meter, _originali/
efsmartmeter-eu-120a-4.webp;shelly-pro-3em-smart-meter-5.webp;продукт shelly-pro-3em-smart-meter — галерия 5;Медия № 791, content/shelly-pro-3em-smart-meter, _originali/
efsmartmeter-eu-120a-5.webp;shelly-pro-3em-smart-meter-6.webp;продукт shelly-pro-3em-smart-meter — галерия 6;Медия № 792, content/shelly-pro-3em-smart-meter, _originali/
efsmartmeter-eu-120a-6.webp;shelly-pro-3em-smart-meter-7.webp;продукт shelly-pro-3em-smart-meter — галерия 7;Медия № 793, content/shelly-pro-3em-smart-meter, _originali/
efsmartmeter-eu-120a-7.webp;shelly-pro-3em-smart-meter-8.webp;продукт shelly-pro-3em-smart-meter — галерия 8;Медия № 794, content/shelly-pro-3em-smart-meter, _originali/
61550_1.png;smart-home-panel-1.png;продукт smart-home-panel — главна снимка;Медия № 795, content/smart-home-panel, snimki/, _originali/
61550_2.png;smart-home-panel-2.png;продукт smart-home-panel — галерия 2;Медия № 796, content/smart-home-panel, snimki/, _originali/
61550_3.png;smart-home-panel-3.png;продукт smart-home-panel — галерия 3;Медия № 797, content/smart-home-panel, snimki/, _originali/
61550_4.png;smart-home-panel-4.png;продукт smart-home-panel — галерия 4;Медия № 798, content/smart-home-panel, snimki/, _originali/
61550_5.png;smart-home-panel-5.png;продукт smart-home-panel — галерия 5;Медия № 799, content/smart-home-panel, snimki/, _originali/
61550_6.webp;smart-home-panel-6.webp;продукт smart-home-panel — галерия 6;Медия № 800, content/smart-home-panel, _originali/
61550_7.webp;smart-home-panel-7.webp;продукт smart-home-panel — галерия 7;Медия № 801, content/smart-home-panel, _originali/
61550_8.png;smart-home-panel-8.png;продукт smart-home-panel — галерия 8;Медия № 802, content/smart-home-panel, snimki/, _originali/
61550_9.png;smart-home-panel-9.png;продукт smart-home-panel — галерия 9;Медия № 803, content/smart-home-panel, snimki/, _originali/
62272_1_1.png;wave-2-add-on-battery-1.png;продукт wave-2-add-on-battery — главна снимка;Медия № 804, content/wave-2-add-on-battery, snimki/, _originali/
62272_2_1.png;wave-2-add-on-battery-2.png;продукт wave-2-add-on-battery — галерия 2;Медия № 805, content/wave-2-add-on-battery, snimki/, _originali/
62272_3_1.webp;wave-2-add-on-battery-3.webp;продукт wave-2-add-on-battery — галерия 3;Медия № 806, content/wave-2-add-on-battery, _originali/
batd.png;delta-3-max-plus-smart-extra-battery-1.png;продукт delta-3-max-plus-smart-extra-battery — главна снимка;Медия № 807, content/delta-3-max-plus-smart-extra-battery, snimki/, _originali/
fffftitled.png;delta-3-max-plus-smart-extra-battery-2.png;продукт delta-3-max-plus-smart-extra-battery — галерия 2;Медия № 808, content/delta-3-max-plus-smart-extra-battery, snimki/, _originali/
batttitled.png;delta-3-max-plus-smart-extra-battery-3.png;продукт delta-3-max-plus-smart-extra-battery — галерия 3;Медия № 809, content/delta-3-max-plus-smart-extra-battery, snimki/, _originali/
ddddtled.webp;delta-3-max-plus-smart-extra-battery-4.webp;продукт delta-3-max-plus-smart-extra-battery — галерия 4;Медия № 810, content/delta-3-max-plus-smart-extra-battery, _originali/
unsstitled.webp;delta-3-max-plus-smart-extra-battery-5.webp;продукт delta-3-max-plus-smart-extra-battery — галерия 5;Медия № 811, content/delta-3-max-plus-smart-extra-battery, _originali/
70514_1_1.png;delta-3-smart-extra-battery-1.png;продукт delta-3-smart-extra-battery — главна снимка;Медия № 812, content/delta-3-smart-extra-battery, snimki/, _originali/
70514_2_1.png;delta-3-smart-extra-battery-2.png;продукт delta-3-smart-extra-battery — галерия 2;Медия № 813, content/delta-3-smart-extra-battery, snimki/, _originali/
70514_3_1.png;delta-3-smart-extra-battery-3.png;продукт delta-3-smart-extra-battery — галерия 3;Медия № 814, content/delta-3-smart-extra-battery, snimki/, _originali/
70514_4_1.png;delta-3-smart-extra-battery-4.png;продукт delta-3-smart-extra-battery — галерия 4;Медия № 815, content/delta-3-smart-extra-battery, snimki/, _originali/
62275_1_2.png;glacier-plug-in-battery-1.png;продукт glacier-plug-in-battery — главна снимка;Медия № 816, content/glacier-plug-in-battery, snimki/, _originali/
62275_2_2.png;glacier-plug-in-battery-2.png;продукт glacier-plug-in-battery — галерия 2;Медия № 817, content/glacier-plug-in-battery, snimki/, _originali/
70352_1.png;rapid-magnetic-5000-cheren-1.png;продукт rapid-magnetic-5000-cheren — главна снимка;Медия № 818, content/rapid-magnetic-5000-cheren, snimki/, _originali/
70350_1.png;rapid-magnetic-5000-srebrist-1.png;продукт rapid-magnetic-5000-srebrist — главна снимка;Медия № 819, content/rapid-magnetic-5000-srebrist, snimki/, _originali/
70350_2.png;rapid-magnetic-5000-srebrist-2.png;продукт rapid-magnetic-5000-srebrist — галерия 2;Медия № 820, content/rapid-magnetic-5000-srebrist, snimki/, _originali/
70350_3.png;rapid-magnetic-5000-srebrist-3.png;продукт rapid-magnetic-5000-srebrist — галерия 3;Медия № 821, content/rapid-magnetic-5000-srebrist, snimki/, _originali/
70350_4.webp;rapid-magnetic-5000-srebrist-4.webp;продукт rapid-magnetic-5000-srebrist — галерия 4;Медия № 822, content/rapid-magnetic-5000-srebrist, _originali/
ecoflow-rapid-pro-power-bank-20-000mah-230w-100w-built-in-cable-1171422046.webp;rapid-pro-power-bank-20000-1.webp;продукт rapid-pro-power-bank-20000 — главна снимка;Медия № 823, content/rapid-pro-power-bank-20000, _originali/
ecoflow-rapid-pro-power-bank-20-000mah-230w-100w-built-in-cable-1171422043.webp;rapid-pro-power-bank-20000-2.webp;продукт rapid-pro-power-bank-20000 — галерия 2;Медия № 824, content/rapid-pro-power-bank-20000, _originali/
ecoflow-rapid-pro-power-bank-20-000mah-230w-100w-built-in-cable-1171422042.webp;rapid-pro-power-bank-20000-3.webp;продукт rapid-pro-power-bank-20000 — галерия 3;Медия № 825, content/rapid-pro-power-bank-20000, _originali/
ecoflow-rapid-pro-power-bank-20-000mah-230w-100w-built-in-cable-1174090694.jpg;rapid-pro-power-bank-20000-4.jpg;продукт rapid-pro-power-bank-20000 — галерия 4;Медия № 826, content/rapid-pro-power-bank-20000, snimki/, _originali/
ecoflow-rapid-pro-power-bank-20-000mah-230w-100w-built-in-cable-1174090690.jpg;rapid-pro-power-bank-20000-5.jpg;продукт rapid-pro-power-bank-20000 — галерия 5;Медия № 827, content/rapid-pro-power-bank-20000, snimki/, _originali/
ecoflow-rapid-pro-power-bank-20-000mah-230w-100w-built-in-cable-1174090692.jpg;rapid-pro-power-bank-20000-6.jpg;продукт rapid-pro-power-bank-20000 — галерия 6;Медия № 828, content/rapid-pro-power-bank-20000, snimki/, _originali/
ecoflow-rapid-pro-power-bank-20-000mah-230w-100w-built-in-cable-1174090693.jpg;rapid-pro-power-bank-20000-7.jpg;продукт rapid-pro-power-bank-20000 — галерия 7;Медия № 829, content/rapid-pro-power-bank-20000, snimki/, _originali/
ecoflow-rapid-pro-power-bank-20-000mah-230w-100w-built-in-cable-1174090691.jpg;rapid-pro-power-bank-20000-8.jpg;продукт rapid-pro-power-bank-20000 — галерия 8;Медия № 830, content/rapid-pro-power-bank-20000, snimki/, _originali/
pc__01_48c95d1a-d244-49ea-8e79-0adc9d1174d7.webp;rapid-pro-power-bank-20000-prilozheniya-1.webp;"продукт rapid-pro-power-bank-20000 — секция „Приложения""";Медия № 831, content/rapid-pro-power-bank-20000, _originali/
pc__06_a0afe4e5-e403-4aa3-b87a-1f14b1c1d8b4.webp;rapid-pro-power-bank-20000-prilozheniya-2.webp;"продукт rapid-pro-power-bank-20000 — секция „Приложения""";Медия № 832, content/rapid-pro-power-bank-20000, _originali/
pc__04_0a47a9a1-c447-4710-9323-a94d19f2a21f.webp;rapid-pro-power-bank-20000-prilozheniya-3.webp;"продукт rapid-pro-power-bank-20000 — секция „Приложения""";Медия № 833, content/rapid-pro-power-bank-20000, _originali/
pc__08_b3e1c96f-016d-4c2d-bfa7-035bf19439fc.webp;rapid-pro-power-bank-20000-prilozheniya-4.webp;"продукт rapid-pro-power-bank-20000 — секция „Приложения""";Медия № 834, content/rapid-pro-power-bank-20000, _originali/
pc_20k-ports_01_19bced6c-1953-42d3-af6a-8484d384e829.webp;rapid-pro-power-bank-20000-portove-1.webp;"продукт rapid-pro-power-bank-20000 — секция „Портове""";Медия № 835, content/rapid-pro-power-bank-20000, _originali/
pc_20k-ports_02_0327d2c5-0231-42ce-8941-8f632d3f367b.webp;rapid-pro-power-bank-20000-portove-2.webp;"продукт rapid-pro-power-bank-20000 — секция „Портове""";Медия № 836, content/rapid-pro-power-bank-20000, _originali/
pc_20k-ports_03_0fa1529f-5d3e-4e4d-b7c0-0a5f77b621bd.webp;rapid-pro-power-bank-20000-portove-3.webp;"продукт rapid-pro-power-bank-20000 — секция „Портове""";Медия № 837, content/rapid-pro-power-bank-20000, _originali/
pc_20k-ports_04_57421915-4e8d-41ea-88c1-82b48d7245c0.webp;rapid-pro-power-bank-20000-portove-4.webp;"продукт rapid-pro-power-bank-20000 — секция „Портове""";Медия № 838, content/rapid-pro-power-bank-20000, _originali/
pc_About_EcoFlow_eu_13a918d0-cf23-48b3-9ee3-8af9b730a4f9.jpg;rapid-pro-power-bank-20000-energiya-za-nov-svyat-1.jpg;"продукт rapid-pro-power-bank-20000 — секция „Енергия за нов свят""";Медия № 839, content/rapid-pro-charger-100w, content/rapid-pro-charger-140w, content/rapid-pro-desktop-charger-320w, content/rapid-pro-power-bank-20000, content/rapid-pro-power-bank-27650, content/rapid-pro-x-power-bank, snimki/, _originali/
Flannel_Bag.webp;rapid-pro-power-bank-20000-kakvo-ima-v-kutiyata-1.webp;"продукт rapid-pro-power-bank-20000 — секция „Какво има в кутията""";Медия № 840, content/rapid-pro-power-bank-20000, content/rapid-pro-power-bank-27650, content/rapid-pro-x-power-bank, _originali/
ecoflow-rapid-pro-power-bank-27-650mah-300w-140w-built-in-cable-1171422051.webp;rapid-pro-power-bank-27650-1.webp;продукт rapid-pro-power-bank-27650 — главна снимка;Медия № 841, content/rapid-pro-power-bank-27650, _originali/
ecoflow-rapid-pro-power-bank-27-650mah-300w-140w-built-in-cable-1171422048.webp;rapid-pro-power-bank-27650-2.webp;продукт rapid-pro-power-bank-27650 — галерия 2;Медия № 842, content/rapid-pro-power-bank-27650, _originali/
ecoflow-rapid-pro-power-bank-27-650mah-300w-140w-built-in-cable-1171422047.webp;rapid-pro-power-bank-27650-3.webp;продукт rapid-pro-power-bank-27650 — галерия 3;Медия № 843, content/rapid-pro-power-bank-27650, _originali/
ecoflow-rapid-pro-power-bank-27-650mah-300w-140w-built-in-cable-1174090697.jpg;rapid-pro-power-bank-27650-4.jpg;продукт rapid-pro-power-bank-27650 — галерия 4;Медия № 844, content/rapid-pro-power-bank-27650, snimki/, _originali/
ecoflow-rapid-pro-power-bank-27-650mah-300w-140w-built-in-cable-1174090696.jpg;rapid-pro-power-bank-27650-5.jpg;продукт rapid-pro-power-bank-27650 — галерия 5;Медия № 845, content/rapid-pro-power-bank-27650, snimki/, _originali/
ecoflow-rapid-pro-power-bank-27-650mah-300w-140w-built-in-cable-1174090699.jpg;rapid-pro-power-bank-27650-6.jpg;продукт rapid-pro-power-bank-27650 — галерия 6;Медия № 846, content/rapid-pro-power-bank-27650, snimki/, _originali/
ecoflow-rapid-pro-power-bank-27-650mah-300w-140w-built-in-cable-1174090698.jpg;rapid-pro-power-bank-27650-7.jpg;продукт rapid-pro-power-bank-27650 — галерия 7;Медия № 847, content/rapid-pro-power-bank-27650, snimki/, _originali/
ecoflow-rapid-pro-power-bank-27-650mah-300w-140w-built-in-cable-1174090695.jpg;rapid-pro-power-bank-27650-8.jpg;продукт rapid-pro-power-bank-27650 — галерия 8;Медия № 848, content/rapid-pro-power-bank-27650, snimki/, _originali/
pc__01_fe1aa127-020c-44d5-bc24-bcf0f35181f7.webp;rapid-pro-power-bank-27650-prilozheniya-1.webp;"продукт rapid-pro-power-bank-27650 — секция „Приложения""";Медия № 849, content/rapid-pro-power-bank-27650, _originali/
pc__07_5899bc49-a9dc-46f9-8e19-17a0059a537e.webp;rapid-pro-power-bank-27650-prilozheniya-2.webp;"продукт rapid-pro-power-bank-27650 — секция „Приложения""";Медия № 850, content/rapid-pro-power-bank-27650, _originali/
pc__06_9f536208-d3a7-4800-b293-8c91ce82a2f2.webp;rapid-pro-power-bank-27650-prilozheniya-3.webp;"продукт rapid-pro-power-bank-27650 — секция „Приложения""";Медия № 851, content/rapid-pro-power-bank-27650, _originali/
pc__02_b14c743e-8780-4940-9336-45b8e76d01cf.webp;rapid-pro-power-bank-27650-prilozheniya-4.webp;"продукт rapid-pro-power-bank-27650 — секция „Приложения""";Медия № 852, content/rapid-pro-power-bank-27650, _originali/
pc_ports_01.webp;rapid-pro-power-bank-27650-portove-1.webp;"продукт rapid-pro-power-bank-27650 — секция „Портове""";Медия № 853, content/rapid-pro-power-bank-27650, _originali/
pc_ports_04.webp;rapid-pro-power-bank-27650-portove-2.webp;"продукт rapid-pro-power-bank-27650 — секция „Портове""";Медия № 854, content/rapid-pro-power-bank-27650, _originali/
pc_ports_03.webp;rapid-pro-power-bank-27650-portove-3.webp;"продукт rapid-pro-power-bank-27650 — секция „Портове""";Медия № 855, content/rapid-pro-power-bank-27650, _originali/
pc_ports_02.webp;rapid-pro-power-bank-27650-portove-4.webp;"продукт rapid-pro-power-bank-27650 — секция „Портове""";Медия № 856, content/rapid-pro-power-bank-27650, _originali/
ecoflow-rapid-pro-x-power-bank-27-650mah-300w-1171461725.webp;rapid-pro-x-power-bank-1.webp;продукт rapid-pro-x-power-bank — главна снимка;Медия № 857, content/rapid-pro-x-power-bank, _originali/
ecoflow-rapid-pro-x-power-bank-27-650mah-300w-1171461722.webp;rapid-pro-x-power-bank-2.webp;продукт rapid-pro-x-power-bank — галерия 2;Медия № 858, content/rapid-pro-x-power-bank, _originali/
ecoflow-rapid-pro-x-power-bank-27-650mah-300w-1171461721.webp;rapid-pro-x-power-bank-3.webp;продукт rapid-pro-x-power-bank — галерия 3;Медия № 859, content/rapid-pro-x-power-bank, _originali/
ecoflow-rapid-pro-x-power-bank-27-650mah-300w-1174090706.jpg;rapid-pro-x-power-bank-4.jpg;продукт rapid-pro-x-power-bank — галерия 4;Медия № 860, content/rapid-pro-x-power-bank, snimki/, _originali/
ecoflow-rapid-pro-x-power-bank-27-650mah-300w-1174090705.jpg;rapid-pro-x-power-bank-5.jpg;продукт rapid-pro-x-power-bank — галерия 5;Медия № 861, content/rapid-pro-x-power-bank, snimki/, _originali/
ecoflow-rapid-pro-x-power-bank-27-650mah-300w-1174090702.jpg;rapid-pro-x-power-bank-6.jpg;продукт rapid-pro-x-power-bank — галерия 6;Медия № 862, content/rapid-pro-x-power-bank, snimki/, _originali/
ecoflow-rapid-pro-x-power-bank-27-650mah-300w-1174090701.jpg;rapid-pro-x-power-bank-7.jpg;продукт rapid-pro-x-power-bank — галерия 7;Медия № 863, content/rapid-pro-x-power-bank, snimki/, _originali/
ecoflow-rapid-pro-x-power-bank-27-650mah-300w-1174090704.jpg;rapid-pro-x-power-bank-8.jpg;продукт rapid-pro-x-power-bank — галерия 8;Медия № 864, content/rapid-pro-x-power-bank, snimki/, _originali/
ecoflow-rapid-pro-x-power-bank-27-650mah-300w-1174090703.jpg;rapid-pro-x-power-bank-9.jpg;продукт rapid-pro-x-power-bank — галерия 9;Медия № 865, content/rapid-pro-x-power-bank, snimki/, _originali/
ecoflow-rapid-pro-x-power-bank-27-650mah-300w-1174090700.jpg;rapid-pro-x-power-bank-10.jpg;продукт rapid-pro-x-power-bank — галерия 10;Медия № 866, content/rapid-pro-x-power-bank, snimki/, _originali/
pc__02.webp;rapid-pro-x-power-bank-prilozheniya-1.webp;"продукт rapid-pro-x-power-bank — секция „Приложения""";Медия № 867, content/rapid-pro-x-power-bank, _originali/
pc__06.webp;rapid-pro-x-power-bank-prilozheniya-2.webp;"продукт rapid-pro-x-power-bank — секция „Приложения""";Медия № 868, content/rapid-pro-x-power-bank, _originali/
pc__04.webp;rapid-pro-x-power-bank-prilozheniya-3.webp;"продукт rapid-pro-x-power-bank — секция „Приложения""";Медия № 869, content/rapid-pro-x-power-bank, _originali/
pc__05.webp;rapid-pro-x-power-bank-prilozheniya-4.webp;"продукт rapid-pro-x-power-bank — секция „Приложения""";Медия № 870, content/rapid-pro-x-power-bank, _originali/
pc_geek-ports_01.webp;rapid-pro-x-power-bank-portove-1.webp;"продукт rapid-pro-x-power-bank — секция „Портове""";Медия № 871, content/rapid-pro-x-power-bank, _originali/
pc_geek-ports_02.webp;rapid-pro-x-power-bank-portove-2.webp;"продукт rapid-pro-x-power-bank — секция „Портове""";Медия № 872, content/rapid-pro-x-power-bank, _originali/
pc_geek-ports_03.webp;rapid-pro-x-power-bank-portove-3.webp;"продукт rapid-pro-x-power-bank — секция „Портове""";Медия № 873, content/rapid-pro-x-power-bank, _originali/
pc_geek-ports_04.webp;rapid-pro-x-power-bank-portove-4.webp;"продукт rapid-pro-x-power-bank — секция „Портове""";Медия № 874, content/rapid-pro-x-power-bank, _originali/
in_the_box_03.webp;rapid-pro-x-power-bank-kakvo-ima-v-kutiyata-2.webp;"продукт rapid-pro-x-power-bank — секция „Какво има в кутията""";Медия № 875, content/rapid-pro-x-power-bank, _originali/
70392_1_1.png;river-3-plus-eb300-1.png;продукт river-3-plus-eb300 — главна снимка;Медия № 876, content/river-3-plus-eb300, snimki/, _originali/
70392_2_1.png;river-3-plus-eb300-2.png;продукт river-3-plus-eb300 — галерия 2;Медия № 877, content/river-3-plus-eb300, snimki/, _originali/
70392_3_1.png;river-3-plus-eb300-3.png;продукт river-3-plus-eb300 — галерия 3;Медия № 878, content/river-3-plus-eb300, snimki/, _originali/
70392_4_1.png;river-3-plus-eb300-4.png;продукт river-3-plus-eb300 — галерия 4;Медия № 879, content/river-3-plus-eb300, snimki/, _originali/
70392_5_1.png;river-3-plus-eb300-5.png;продукт river-3-plus-eb300 — галерия 5;Медия № 880, content/river-3-plus-eb300, snimki/, _originali/
70392_6_1.png;river-3-plus-eb300-6.png;продукт river-3-plus-eb300 — галерия 6;Медия № 881, content/river-3-plus-eb300, snimki/, _originali/
72447_1.png;delta-pro-3-flat-link-cable-0-85m-1.png;продукт delta-pro-3-flat-link-cable-0-85m — главна снимка;Медия № 882, content/delta-pro-3-flat-link-cable-0-85m, snimki/, _originali/
ecoflow-delta-max-extra-battery-cable-5m--0.png;extra-battery-cable-5m-1.png;продукт extra-battery-cable-5m — главна снимка;Медия № 883, content/extra-battery-cable-5m, snimki/, _originali/
ecoflow-delta-max-extra-battery-cable-5m-5.png;extra-battery-cable-5m-2.png;продукт extra-battery-cable-5m — галерия 2;Медия № 884, content/extra-battery-cable-5m, snimki/, _originali/
ecoflow-delta-max-extra-battery-cable-5m-4.png;extra-battery-cable-5m-3.png;продукт extra-battery-cable-5m — галерия 3;Медия № 885, content/extra-battery-cable-5m, snimki/, _originali/
ecoflow-delta-max-extra-battery-cable-5m-3.png;extra-battery-cable-5m-4.png;продукт extra-battery-cable-5m — галерия 4;Медия № 886, content/extra-battery-cable-5m, snimki/, _originali/
ecoflow-delta-max-extra-battery-cable-5m-2.png;extra-battery-cable-5m-5.png;продукт extra-battery-cable-5m — галерия 5;Медия № 887, content/extra-battery-cable-5m, snimki/, _originali/
4895251665834-1.png;extra-battery-expansion-adapter-1.png;продукт extra-battery-expansion-adapter — главна снимка;Медия № 888, content/extra-battery-expansion-adapter, snimki/, _originali/
61569_1_1_1.webp;lfp-battery-power-cable-2-5m-1.webp;продукт lfp-battery-power-cable-2-5m — главна снимка;Медия № 889, content/lfp-battery-power-cable-2-5m, _originali/
61569_2_2_1.png;lfp-battery-power-cable-2-5m-2.png;продукт lfp-battery-power-cable-2-5m — галерия 2;Медия № 890, content/lfp-battery-power-cable-2-5m, snimki/, _originali/
61569_3_2_1.webp;lfp-battery-power-cable-2-5m-3.webp;продукт lfp-battery-power-cable-2-5m — галерия 3;Медия № 891, content/lfp-battery-power-cable-2-5m, _originali/
61569_4_2_1.webp;lfp-battery-power-cable-2-5m-4.webp;продукт lfp-battery-power-cable-2-5m — галерия 4;Медия № 892, content/lfp-battery-power-cable-2-5m, _originali/
61569_1_1.webp;lfp-battery-power-cable-2m-1.webp;продукт lfp-battery-power-cable-2m — главна снимка;Медия № 893, content/lfp-battery-power-cable-2m, _originali/
61569_2_2.png;lfp-battery-power-cable-2m-2.png;продукт lfp-battery-power-cable-2m — галерия 2;Медия № 894, content/lfp-battery-power-cable-2m, snimki/, _originali/
61569_3_2.webp;lfp-battery-power-cable-2m-3.webp;продукт lfp-battery-power-cable-2m — галерия 3;Медия № 895, content/lfp-battery-power-cable-2m, _originali/
61569_4_2.webp;lfp-battery-power-cable-2m-4.webp;продукт lfp-battery-power-cable-2m — галерия 4;Медия № 896, content/lfp-battery-power-cable-2m, _originali/
ecoflow-rapid-pro-charger-100w-3-ports-gan-1171105538.webp;rapid-pro-charger-100w-1.webp;продукт rapid-pro-charger-100w — главна снимка;Медия № 897, content/rapid-pro-charger-100w, _originali/
ecoflow-rapid-pro-charger-100w-3-ports-gan-1171105537.webp;rapid-pro-charger-100w-2.webp;продукт rapid-pro-charger-100w — галерия 2;Медия № 898, content/rapid-pro-charger-100w, _originali/
pc_GaN_Technology_eu_ac2291f5-b5ba-4fa8-b9e9-ccff2aa6da00.jpg;rapid-pro-charger-100w-pregled-1.jpg;"продукт rapid-pro-charger-100w — секция „Преглед""";Медия № 899, content/rapid-pro-charger-100w, content/rapid-pro-charger-140w, snimki/, _originali/
pc_Multi-plug_Charger_eu_8488ab5f-9617-4069-a809-71d0590b2599.jpg;rapid-pro-charger-100w-pregled-2.jpg;"продукт rapid-pro-charger-100w — секция „Преглед""";Медия № 900, content/rapid-pro-charger-100w, snimki/, _originali/
pc_Advanced_Stability_6324e13c-6f7c-4c9a-af88-116881986a9c.jpg;rapid-pro-charger-100w-pregled-3.jpg;"продукт rapid-pro-charger-100w — секция „Преглед""";Медия № 901, content/rapid-pro-charger-100w, _originali/
pc_ksp_eu-1.jpg;rapid-pro-charger-100w-pregled-4.jpg;"продукт rapid-pro-charger-100w — секция „Преглед""";Медия № 902, content/rapid-pro-charger-100w, snimki/, _originali/
pc__01_1a22ee01-93aa-4a8a-83ba-5ffd5bcdbe0a.webp;rapid-pro-charger-100w-prilozheniya-1.webp;"продукт rapid-pro-charger-100w — секция „Приложения""";Медия № 903, content/rapid-pro-charger-100w, _originali/
pc__02_c38023cc-4e1d-4f6c-a040-aee970d8df47.webp;rapid-pro-charger-100w-prilozheniya-2.webp;"продукт rapid-pro-charger-100w — секция „Приложения""";Медия № 904, content/rapid-pro-charger-100w, _originali/
pc__04_4682b1e6-6bc1-4543-9f30-768ca2cf52de.webp;rapid-pro-charger-100w-prilozheniya-3.webp;"продукт rapid-pro-charger-100w — секция „Приложения""";Медия № 905, content/rapid-pro-charger-100w, _originali/
pc_100W_Charger_port_01.webp;rapid-pro-charger-100w-portove-1.webp;"продукт rapid-pro-charger-100w — секция „Портове""";Медия № 906, content/rapid-pro-charger-100w, _originali/
pc_100W_Charger_port_02.webp;rapid-pro-charger-100w-portove-2.webp;"продукт rapid-pro-charger-100w — секция „Портове""";Медия № 907, content/rapid-pro-charger-100w, _originali/
pc_100W_Charger_port_03.webp;rapid-pro-charger-100w-portove-3.webp;"продукт rapid-pro-charger-100w — секция „Портове""";Медия № 908, content/rapid-pro-charger-100w, _originali/
ecoflow-rapid-pro-charger-140w-4-ports-gan-1171422041.webp;rapid-pro-charger-140w-1.webp;продукт rapid-pro-charger-140w — главна снимка;Медия № 909, content/rapid-pro-charger-140w, _originali/
ecoflow-rapid-pro-charger-140w-4-ports-gan-1171422040.webp;rapid-pro-charger-140w-2.webp;продукт rapid-pro-charger-140w — галерия 2;Медия № 910, content/rapid-pro-charger-140w, _originali/
pc_Multi-plug_Charger_eu.jpg;rapid-pro-charger-140w-pregled-2.jpg;"продукт rapid-pro-charger-140w — секция „Преглед""";Медия № 911, content/rapid-pro-charger-140w, snimki/, _originali/
pc_Advanced_Stability.jpg;rapid-pro-charger-140w-pregled-3.jpg;"продукт rapid-pro-charger-140w — секция „Преглед""";Медия № 912, content/rapid-pro-charger-140w, _originali/
pc_140W_Charger_Superior_Safety_eu.jpg;rapid-pro-charger-140w-pregled-4.jpg;"продукт rapid-pro-charger-140w — секция „Преглед""";Медия № 913, content/rapid-pro-charger-140w, snimki/, _originali/
pc__01_b8a9d78d-34c7-478c-af3d-afd46eb9f023.webp;rapid-pro-charger-140w-prilozheniya-1.webp;"продукт rapid-pro-charger-140w — секция „Приложения""";Медия № 914, content/rapid-pro-charger-140w, _originali/
pc__02_8b98fb89-907f-47c2-8f4a-3ceb211906fc.webp;rapid-pro-charger-140w-prilozheniya-2.webp;"продукт rapid-pro-charger-140w — секция „Приложения""";Медия № 915, content/rapid-pro-charger-140w, _originali/
pc__04_d4befae7-83db-426c-9193-7c6f474965f2.webp;rapid-pro-charger-140w-prilozheniya-3.webp;"продукт rapid-pro-charger-140w — секция „Приложения""";Медия № 916, content/rapid-pro-charger-140w, _originali/
pc_140W_Charger_port_01.webp;rapid-pro-charger-140w-portove-1.webp;"продукт rapid-pro-charger-140w — секция „Портове""";Медия № 917, content/rapid-pro-charger-140w, _originali/
pc_140W_Charger_port_02.webp;rapid-pro-charger-140w-portove-2.webp;"продукт rapid-pro-charger-140w — секция „Портове""";Медия № 918, content/rapid-pro-charger-140w, _originali/
pc_140W_Charger_port_03.webp;rapid-pro-charger-140w-portove-3.webp;"продукт rapid-pro-charger-140w — секция „Портове""";Медия № 919, content/rapid-pro-charger-140w, _originali/
pc_140W_Charger_port_04.webp;rapid-pro-charger-140w-portove-4.webp;"продукт rapid-pro-charger-140w — секция „Портове""";Медия № 920, content/rapid-pro-charger-140w, _originali/
ecoflow-rapid-pro-desktop-charger-320w-5-ports-gan-1170604004.webp;rapid-pro-desktop-charger-320w-1.webp;продукт rapid-pro-desktop-charger-320w — главна снимка;Медия № 921, content/rapid-pro-desktop-charger-320w, _originali/
ecoflow-rapid-pro-desktop-charger-320w-5-ports-gan-1170604003.webp;rapid-pro-desktop-charger-320w-2.webp;продукт rapid-pro-desktop-charger-320w — галерия 2;Медия № 922, content/rapid-pro-desktop-charger-320w, _originali/
ecoflow-rapid-pro-desktop-charger-320w-5-ports-gan-1170604002.webp;rapid-pro-desktop-charger-320w-3.webp;продукт rapid-pro-desktop-charger-320w — галерия 3;Медия № 923, content/rapid-pro-desktop-charger-320w, _originali/
ecoflow-rapid-pro-desktop-charger-320w-5-ports-gan-1170604001.webp;rapid-pro-desktop-charger-320w-4.webp;продукт rapid-pro-desktop-charger-320w — галерия 4;Медия № 924, content/rapid-pro-desktop-charger-320w, _originali/
ecoflow-rapid-pro-desktop-charger-320w-5-ports-gan-1170604000.webp;rapid-pro-desktop-charger-320w-5.webp;продукт rapid-pro-desktop-charger-320w — галерия 5;Медия № 925, content/rapid-pro-desktop-charger-320w, _originali/
pc_ksp_eu_e711811c-1843-4734-8c19-4854abbb6e12.jpg;rapid-pro-desktop-charger-320w-pregled-1.jpg;"продукт rapid-pro-desktop-charger-320w — секция „Преглед""";Медия № 926, content/rapid-pro-desktop-charger-320w, snimki/, _originali/
pc_GaN_Technology_eu.jpg;rapid-pro-desktop-charger-320w-klyuchovi-predimstva-1.jpg;"продукт rapid-pro-desktop-charger-320w — секция „Ключови предимства""";Медия № 927, content/rapid-pro-desktop-charger-320w, snimki/, _originali/
pc_6-in-1_Compact_Design_eu.jpg;rapid-pro-desktop-charger-320w-klyuchovi-predimstva-2.jpg;"продукт rapid-pro-desktop-charger-320w — секция „Ключови предимства""";Медия № 928, content/rapid-pro-desktop-charger-320w, snimki/, _originali/
pc_Superior_Safety_eu_20debb50-e35f-4b6a-829d-a2eeccb94a67.jpg;rapid-pro-desktop-charger-320w-klyuchovi-predimstva-3.jpg;"продукт rapid-pro-desktop-charger-320w — секция „Ключови предимства""";Медия № 929, content/rapid-pro-desktop-charger-320w, snimki/, _originali/
pc_Smart_Display_eu_c13cf79a-8809-4426-abac-a38d3212328e.jpg;rapid-pro-desktop-charger-320w-klyuchovi-predimstva-4.jpg;"продукт rapid-pro-desktop-charger-320w — секция „Ключови предимства""";Медия № 930, content/rapid-pro-desktop-charger-320w, snimki/, _originali/
pc_app_eu_9b06dc52-1bc5-4caf-8d8c-74fd07df844a.jpg;rapid-pro-desktop-charger-320w-prilozhenie-1.jpg;"продукт rapid-pro-desktop-charger-320w — секция „Приложение""";Медия № 931, content/rapid-pro-desktop-charger-320w, snimki/, _originali/
pc_screen.jpg;rapid-pro-desktop-charger-320w-prilozhenie-2.jpg;"продукт rapid-pro-desktop-charger-320w — секция „Приложение""";Медия № 932, content/rapid-pro-desktop-charger-320w, snimki/, _originali/
pc__02_09df7b0e-d34e-451c-b842-77c48138b87a.webp;rapid-pro-desktop-charger-320w-prilozheniya-1.webp;"продукт rapid-pro-desktop-charger-320w — секция „Приложения""";Медия № 933, content/rapid-pro-desktop-charger-320w, _originali/
pc__01_4be8fba1-70d6-422d-8326-58043efe1a01.webp;rapid-pro-desktop-charger-320w-prilozheniya-2.webp;"продукт rapid-pro-desktop-charger-320w — секция „Приложения""";Медия № 934, content/rapid-pro-desktop-charger-320w, _originali/
pc_320W-ports_01.webp;rapid-pro-desktop-charger-320w-portove-1.webp;"продукт rapid-pro-desktop-charger-320w — секция „Портове""";Медия № 935, content/rapid-pro-desktop-charger-320w, _originali/
pc_320W-ports_02.webp;rapid-pro-desktop-charger-320w-portove-2.webp;"продукт rapid-pro-desktop-charger-320w — секция „Портове""";Медия № 936, content/rapid-pro-desktop-charger-320w, _originali/
pc_320W-ports_03.webp;rapid-pro-desktop-charger-320w-portove-3.webp;"продукт rapid-pro-desktop-charger-320w — секция „Портове""";Медия № 937, content/rapid-pro-desktop-charger-320w, _originali/
pc_320W-ports_04.webp;rapid-pro-desktop-charger-320w-portove-4.webp;"продукт rapid-pro-desktop-charger-320w — секция „Портове""";Медия № 938, content/rapid-pro-desktop-charger-320w, _originali/
ecoflow-rapid-pro-usb-c-to-usb-c-cable-240w-nylon-1171422039.webp;rapid-pro-usb-c-cable-240w-1.webp;продукт rapid-pro-usb-c-cable-240w — главна снимка;Медия № 939, content/rapid-pro-usb-c-cable-240w, _originali/
ecoflow_rapid_pro_usb-c_to_usb-c_data_cable_240w-1.png;rapid-pro-usb-c-cable-240w-2.png;продукт rapid-pro-usb-c-cable-240w — галерия 2;Медия № 940, content/rapid-pro-usb-c-cable-240w, snimki/, _originali/
ecoflow_rapid_pro_usb-c_to_usb-c_data_cable_240w-2.webp;rapid-pro-usb-c-cable-240w-3.webp;продукт rapid-pro-usb-c-cable-240w — галерия 3;Медия № 941, content/rapid-pro-usb-c-cable-240w, _originali/
ecoflow_rapid_pro_usb-c_to_usb-c_data_cable_240w-3.webp;rapid-pro-usb-c-cable-240w-4.webp;продукт rapid-pro-usb-c-cable-240w — галерия 4;Медия № 942, content/rapid-pro-usb-c-cable-240w, _originali/
ecoflow_rapid_pro_usb-c_to_usb-c_data_cable_240w-4.webp;rapid-pro-usb-c-cable-240w-5.webp;продукт rapid-pro-usb-c-cable-240w — галерия 5;Медия № 943, content/rapid-pro-usb-c-cable-240w, _originali/
ecoflow_rapid_pro_usb-c_to_usb-c_data_cable_240w-5.webp;rapid-pro-usb-c-cable-240w-6.webp;продукт rapid-pro-usb-c-cable-240w — галерия 6;Медия № 944, content/rapid-pro-usb-c-cable-240w, _originali/
pc_Ultimate_Durability.webp;rapid-pro-usb-c-cable-240w-pregled-1.webp;"продукт rapid-pro-usb-c-cable-240w — секция „Преглед""";Медия № 945, content/rapid-pro-usb-c-cable-240w, _originali/
pc_240W_Dual_USB-C_Rapid-Speed_Performance.webp;rapid-pro-usb-c-cable-240w-pregled-2.webp;"продукт rapid-pro-usb-c-cable-240w — секция „Преглед""";Медия № 946, content/rapid-pro-usb-c-cable-240w, _originali/
pc_USB-IF_Certified_eu.jpg;rapid-pro-usb-c-cable-240w-pregled-3.jpg;"продукт rapid-pro-usb-c-cable-240w — секция „Преглед""";Медия № 947, content/rapid-pro-usb-c-cable-240w, snimki/, _originali/
pc_Easy-Fold_Design.webp;rapid-pro-usb-c-cable-240w-pregled-4.webp;"продукт rapid-pro-usb-c-cable-240w — секция „Преглед""";Медия № 948, content/rapid-pro-usb-c-cable-240w, _originali/
pc__03_b9eb64f0-fb33-4922-93bc-132d25e9708e.webp;rapid-pro-usb-c-cable-240w-prilozheniya-1.webp;"продукт rapid-pro-usb-c-cable-240w — секция „Приложения""";Медия № 949, content/rapid-pro-usb-c-cable-240w, _originali/
pc__02_0521ea12-963c-491e-8d67-e2d2b3520b69.webp;rapid-pro-usb-c-cable-240w-prilozheniya-2.webp;"продукт rapid-pro-usb-c-cable-240w — секция „Приложения""";Медия № 950, content/rapid-pro-usb-c-cable-240w, _originali/
pc__04_a68f9029-8c2e-464a-be7b-a46b761712fe.webp;rapid-pro-usb-c-cable-240w-prilozheniya-3.webp;"продукт rapid-pro-usb-c-cable-240w — секция „Приложения""";Медия № 951, content/rapid-pro-usb-c-cable-240w, _originali/
pc__01_c501a4f4-eafa-4c3d-a829-3f997b789a81.webp;rapid-pro-usb-c-cable-240w-prilozheniya-4.webp;"продукт rapid-pro-usb-c-cable-240w — секция „Приложения""";Медия № 952, content/rapid-pro-usb-c-cable-240w, _originali/
4895251651165-1_1.png;rapid-pro-x-apple-watch-charger-1.png;продукт rapid-pro-x-apple-watch-charger — главна снимка;Медия № 953, content/rapid-pro-x-apple-watch-charger, snimki/, _originali/
4895251651165-2_1.png;rapid-pro-x-apple-watch-charger-2.png;продукт rapid-pro-x-apple-watch-charger — галерия 2;Медия № 954, content/rapid-pro-x-apple-watch-charger, snimki/, _originali/
ddsds.png;rapid-pro-x-apple-watch-charger-3.png;продукт rapid-pro-x-apple-watch-charger — галерия 3;Медия № 955, content/rapid-pro-x-apple-watch-charger, snimki/, _originali/
_ed_6.webp;rapid-pro-x-apple-watch-charger-4.webp;продукт rapid-pro-x-apple-watch-charger — галерия 4;Медия № 956, content/rapid-pro-x-apple-watch-charger, _originali/
4895251651165-4.png;rapid-pro-x-apple-watch-charger-5.png;продукт rapid-pro-x-apple-watch-charger — галерия 5;Медия № 957, content/rapid-pro-x-apple-watch-charger, snimki/, _originali/
4895251651165-5.webp;rapid-pro-x-apple-watch-charger-6.webp;продукт rapid-pro-x-apple-watch-charger — галерия 6;Медия № 958, content/rapid-pro-x-apple-watch-charger, _originali/
ecoflow-stream-bkw-to-ac-cable-5m-kabel-za-ecoflow-stream-microinverter-2025.png;stream-bkw-ac-cable-15m-1.png;продукт stream-bkw-ac-cable-15m — главна снимка;Медия № 959, content/stream-bkw-ac-cable-15m, snimki/, _originali/
72960.png;stream-diy-cable-1-5m-1.png;продукт stream-diy-cable-1-5m — главна снимка;Медия № 960, content/stream-diy-cable-1-5m, snimki/, _originali/
72960_1.png;stream-diy-cable-15m-1.png;продукт stream-diy-cable-15m — главна снимка;Медия № 961, content/stream-diy-cable-15m, snimki/, _originali/
72713_ecoflow-stream-1.png;stream-diy-cable-5m-1.png;продукт stream-diy-cable-5m — главна снимка;Медия № 962, content/stream-diy-cable-5m, snimki/, _originali/
72919.png;stream-parallel-cable-1.png;продукт stream-parallel-cable — главна снимка;Медия № 963, content/stream-parallel-cable, snimki/, _originali/
ecoflow-stream-solar-extension_-cable_1.png;stream-solar-extension-cable-1.png;продукт stream-solar-extension-cable — главна снимка;Медия № 964, content/stream-solar-extension-cable, snimki/, _originali/
67362_1.png;ac-c20-cable-eu-1.png;продукт ac-c20-cable-eu — главна снимка;Медия № 965, content/ac-c20-cable-eu, snimki/, _originali/
67362_2.png;ac-c20-cable-eu-2.png;продукт ac-c20-cable-eu — галерия 2;Медия № 966, content/ac-c20-cable-eu, snimki/, _originali/
67362_3.png;ac-c20-cable-eu-3.png;продукт ac-c20-cable-eu — галерия 3;Медия № 967, content/ac-c20-cable-eu, snimki/, _originali/
67362_4.png;ac-c20-cable-eu-4.png;продукт ac-c20-cable-eu — галерия 4;Медия № 968, content/ac-c20-cable-eu, snimki/, _originali/
67362_5.webp;ac-c20-cable-eu-5.webp;продукт ac-c20-cable-eu — галерия 5;Медия № 969, content/ac-c20-cable-eu, _originali/
67362_6.png;ac-c20-cable-eu-6.png;продукт ac-c20-cable-eu — галерия 6;Медия № 970, content/ac-c20-cable-eu, snimki/, _originali/
60909_1.png;ac-cable-eu-1.png;продукт ac-cable-eu — главна снимка;Медия № 971, content/ac-cable-eu, snimki/, _originali/
60909_2.png;ac-cable-eu-2.png;продукт ac-cable-eu — галерия 2;Медия № 972, content/ac-cable-eu, snimki/, _originali/
60909_3.png;ac-cable-eu-3.png;продукт ac-cable-eu — галерия 3;Медия № 973, content/ac-cable-eu, snimki/, _originali/
60909_4.png;ac-cable-eu-4.png;продукт ac-cable-eu — галерия 4;Медия № 974, content/ac-cable-eu, snimki/, _originali/
4895251666008-1.png;alternator-charger-xt150-cable-1m-1.png;продукт alternator-charger-xt150-cable-1m — главна снимка;Медия № 975, content/alternator-charger-xt150-cable-1m, snimki/, _originali/
4895251666015-1.png;alternator-charger-xt150-cable-2m-1.png;продукт alternator-charger-xt150-cable-2m — главна снимка;Медия № 976, content/alternator-charger-xt150-cable-2m, snimki/, _originali/
67156_1.png;bkw-ac-cable-3m-1.png;продукт bkw-ac-cable-3m — главна снимка;Медия № 977, content/bkw-ac-cable-3m, snimki/, _originali/
67157_1.png;bkw-ac-cable-5m-1.png;продукт bkw-ac-cable-5m — главна снимка;Медия № 978, content/bkw-ac-cable-5m, snimki/, _originali/
62868_1.webp;bkw-delta-pro-cable-0-5m-1.webp;продукт bkw-delta-pro-cable-0-5m — главна снимка;Медия № 979, content/bkw-delta-pro-cable-0-5m, _originali/
62868_2.png;bkw-delta-pro-cable-0-5m-2.png;продукт bkw-delta-pro-cable-0-5m — галерия 2;Медия № 980, content/bkw-delta-pro-cable-0-5m, snimki/, _originali/
bkwdeltaebcable-0.4m-1.png;bkw-delta-xt150-cable-0-4m-1.png;продукт bkw-delta-xt150-cable-0-4m — главна снимка;Медия № 981, content/bkw-delta-xt150-cable-0-4m, snimki/, _originali/
bkwdeltaebcable-0.4m-2.png;bkw-delta-xt150-cable-0-4m-2.png;продукт bkw-delta-xt150-cable-0-4m — галерия 2;Медия № 982, content/bkw-delta-xt150-cable-0-4m, snimki/, _originali/
bkwdeltaebcable-0.4m-3.png;bkw-delta-xt150-cable-0-4m-3.png;продукт bkw-delta-xt150-cable-0-4m — галерия 3;Медия № 983, content/bkw-delta-xt150-cable-0-4m, snimki/, _originali/
bkwdeltaebcable-0.4m-1_1.png;bkw-delta-xt150-cable-1m-1.png;продукт bkw-delta-xt150-cable-1m — главна снимка;Медия № 984, content/bkw-delta-xt150-cable-1m, snimki/, _originali/
bkwdeltaebcable-0.4m-2_1.png;bkw-delta-xt150-cable-1m-2.png;продукт bkw-delta-xt150-cable-1m — галерия 2;Медия № 985, content/bkw-delta-xt150-cable-1m, snimki/, _originali/
bkwdeltaebcable-0.4m-3_1.png;bkw-delta-xt150-cable-1m-3.png;продукт bkw-delta-xt150-cable-1m — галерия 3;Медия № 986, content/bkw-delta-xt150-cable-1m, snimki/, _originali/
62864_1.png;bkw-river-cable-0-5m-1.png;продукт bkw-river-cable-0-5m — главна снимка;Медия № 987, content/bkw-river-cable-0-5m, snimki/, _originali/
62864_2.png;bkw-river-cable-0-5m-2.png;продукт bkw-river-cable-0-5m — галерия 2;Медия № 988, content/bkw-river-cable-0-5m, snimki/, _originali/
70404_1_1.png;bkw-solar-cable-2m-1.png;продукт bkw-solar-cable-2m — главна снимка;Медия № 989, content/bkw-solar-cable-2m, snimki/, _originali/
70404_2_1.png;bkw-solar-cable-2m-2.png;продукт bkw-solar-cable-2m — галерия 2;Медия № 990, content/bkw-solar-cable-2m, snimki/, _originali/
72297_1.png;delta-pro-3-ev-x-stream-adapter-1.png;продукт delta-pro-3-ev-x-stream-adapter — главна снимка;Медия № 991, content/delta-pro-3-ev-x-stream-adapter, snimki/, _originali/
72297_2.png;delta-pro-3-ev-x-stream-adapter-2.png;продукт delta-pro-3-ev-x-stream-adapter — галерия 2;Медия № 992, content/delta-pro-3-ev-x-stream-adapter, snimki/, _originali/
72453_1.png;delta-pro-3-flat-link-cable-2m-1.png;продукт delta-pro-3-flat-link-cable-2m — главна снимка;Медия № 993, content/delta-pro-3-flat-link-cable-2m, snimki/, _originali/
60828_1.png;delta-pro-extra-battery-cable-1.png;продукт delta-pro-extra-battery-cable — главна снимка;Медия № 994, content/delta-pro-extra-battery-cable, snimki/, _originali/
60828_2.png;delta-pro-extra-battery-cable-2.png;продукт delta-pro-extra-battery-cable — галерия 2;Медия № 995, content/delta-pro-extra-battery-cable, snimki/, _originali/
60828_3.png;delta-pro-extra-battery-cable-3.png;продукт delta-pro-extra-battery-cable — галерия 3;Медия № 996, content/delta-pro-extra-battery-cable, snimki/, _originali/
67160_1.png;glacier-xt60-car-cable-2-5m-1.png;продукт glacier-xt60-car-cable-2-5m — главна снимка;Медия № 997, content/glacier-xt60-car-cable-2-5m, snimki/, _originali/
67160_2.png;glacier-xt60-car-cable-2-5m-2.png;продукт glacier-xt60-car-cable-2-5m — галерия 2;Медия № 998, content/glacier-xt60-car-cable-2-5m, snimki/, _originali/
61553_1.png;infinity-cable-2m-1.png;продукт infinity-cable-2m — главна снимка;Медия № 999, content/infinity-cable-2m, snimki/, _originali/
61553_2.png;infinity-cable-2m-2.png;продукт infinity-cable-2m — галерия 2;Медия № 1000, content/infinity-cable-2m, snimki/, _originali/
61569_1.webp;lfp-battery-power-cable-1-5m-1.webp;продукт lfp-battery-power-cable-1-5m — главна снимка;Медия № 1001, content/lfp-battery-power-cable-1-5m, _originali/
61569_2.png;lfp-battery-power-cable-1-5m-2.png;продукт lfp-battery-power-cable-1-5m — галерия 2;Медия № 1002, content/lfp-battery-power-cable-1-5m, snimki/, _originali/
61569_3.webp;lfp-battery-power-cable-1-5m-3.webp;продукт lfp-battery-power-cable-1-5m — галерия 3;Медия № 1003, content/lfp-battery-power-cable-1-5m, _originali/
61569_4.webp;lfp-battery-power-cable-1-5m-4.webp;продукт lfp-battery-power-cable-1-5m — галерия 4;Медия № 1004, content/lfp-battery-power-cable-1-5m, _originali/
61569_1_1_1_1.webp;lfp-battery-power-cable-3-5m-1.webp;продукт lfp-battery-power-cable-3-5m — главна снимка;Медия № 1005, content/lfp-battery-power-cable-3-5m, _originali/
61569_2_2_1_1.png;lfp-battery-power-cable-3-5m-2.png;продукт lfp-battery-power-cable-3-5m — галерия 2;Медия № 1006, content/lfp-battery-power-cable-3-5m, snimki/, _originali/
61569_3_2_1_1.webp;lfp-battery-power-cable-3-5m-3.webp;продукт lfp-battery-power-cable-3-5m — галерия 3;Медия № 1007, content/lfp-battery-power-cable-3-5m, _originali/
61569_4_2_1_1.webp;lfp-battery-power-cable-3-5m-4.webp;продукт lfp-battery-power-cable-3-5m — галерия 4;Медия № 1008, content/lfp-battery-power-cable-3-5m, _originali/
60691_1.webp;solar-extension-cable-3m-1.webp;продукт solar-extension-cable-3m — главна снимка;Медия № 1009, content/solar-extension-cable-3m, _originali/
60692_1.webp;solar-mc4-xt60-cable-3-5m-1.webp;продукт solar-mc4-xt60-cable-3-5m — главна снимка;Медия № 1010, content/solar-mc4-xt60-cable-3-5m, _originali/
60692_2.webp;solar-mc4-xt60-cable-3-5m-2.webp;продукт solar-mc4-xt60-cable-3-5m — галерия 2;Медия № 1011, content/solar-mc4-xt60-cable-3-5m, _originali/
60692_3.webp;solar-mc4-xt60-cable-3-5m-3.webp;продукт solar-mc4-xt60-cable-3-5m — галерия 3;Медия № 1012, content/solar-mc4-xt60-cable-3-5m, _originali/
60692_4.webp;solar-mc4-xt60-cable-3-5m-4.webp;продукт solar-mc4-xt60-cable-3-5m — галерия 4;Медия № 1013, content/solar-mc4-xt60-cable-3-5m, _originali/
60692_5.webp;solar-mc4-xt60-cable-3-5m-5.webp;продукт solar-mc4-xt60-cable-3-5m — галерия 5;Медия № 1014, content/solar-mc4-xt60-cable-3-5m, _originali/
60692_6.webp;solar-mc4-xt60-cable-3-5m-6.webp;продукт solar-mc4-xt60-cable-3-5m — галерия 6;Медия № 1015, content/solar-mc4-xt60-cable-3-5m, _originali/
60693_1.webp;solar-mc4-xt60-cable-5m-1.webp;продукт solar-mc4-xt60-cable-5m — главна снимка;Медия № 1016, content/solar-mc4-xt60-cable-5m, _originali/
60693_2.webp;solar-mc4-xt60-cable-5m-2.webp;продукт solar-mc4-xt60-cable-5m — галерия 2;Медия № 1017, content/solar-mc4-xt60-cable-5m, _originali/
60693_3.webp;solar-mc4-xt60-cable-5m-3.webp;продукт solar-mc4-xt60-cable-5m — галерия 3;Медия № 1018, content/solar-mc4-xt60-cable-5m, _originali/
60693_4.webp;solar-mc4-xt60-cable-5m-4.webp;продукт solar-mc4-xt60-cable-5m — галерия 4;Медия № 1019, content/solar-mc4-xt60-cable-5m, _originali/
60693_5.webp;solar-mc4-xt60-cable-5m-5.webp;продукт solar-mc4-xt60-cable-5m — галерия 5;Медия № 1020, content/solar-mc4-xt60-cable-5m, _originali/
60693_6.webp;solar-mc4-xt60-cable-5m-6.webp;продукт solar-mc4-xt60-cable-5m — галерия 6;Медия № 1021, content/solar-mc4-xt60-cable-5m, _originali/
60694_6.webp;solar-mc4-xt60i-cable-2-5m-1.webp;продукт solar-mc4-xt60i-cable-2-5m — главна снимка;Медия № 1022, content/solar-mc4-xt60i-cable-2-5m, _originali/
xt60iiiiiid.png;solar-mc4-xt60i-cable-2-5m-2.png;продукт solar-mc4-xt60i-cable-2-5m — галерия 2;Медия № 1023, content/solar-mc4-xt60i-cable-2-5m, snimki/, _originali/
xt60iiiiid.png;solar-mc4-xt60i-cable-2-5m-3.png;продукт solar-mc4-xt60i-cable-2-5m — галерия 3;Медия № 1024, content/solar-mc4-xt60i-cable-2-5m, snimki/, _originali/
xt60iiiid.png;solar-mc4-xt60i-cable-2-5m-4.png;продукт solar-mc4-xt60i-cable-2-5m — галерия 4;Медия № 1025, content/solar-mc4-xt60i-cable-2-5m, snimki/, _originali/
xt60iiid.png;solar-mc4-xt60i-cable-2-5m-5.png;продукт solar-mc4-xt60i-cable-2-5m — галерия 5;Медия № 1026, content/solar-mc4-xt60i-cable-2-5m, snimki/, _originali/
xt60iid.png;solar-mc4-xt60i-cable-2-5m-6.png;продукт solar-mc4-xt60i-cable-2-5m — галерия 6;Медия № 1027, content/solar-mc4-xt60i-cable-2-5m, snimki/, _originali/
xt60id.png;solar-mc4-xt60i-cable-2-5m-7.png;продукт solar-mc4-xt60i-cable-2-5m — галерия 7;Медия № 1028, content/solar-mc4-xt60i-cable-2-5m, snimki/, _originali/
xt60iiiiiiiid.png;solar-mc4-xt60i-cable-2-5m-8.png;продукт solar-mc4-xt60i-cable-2-5m — галерия 8;Медия № 1029, content/solar-mc4-xt60i-cable-2-5m, snimki/, _originali/
65720_1.png;solar-mc4-xt60i-cable-3-5m-1.png;продукт solar-mc4-xt60i-cable-3-5m — главна снимка;Медия № 1030, content/solar-mc4-xt60i-cable-3-5m, snimki/, _originali/
xt60iiiiiid_1.png;solar-mc4-xt60i-cable-3-5m-2.png;продукт solar-mc4-xt60i-cable-3-5m — галерия 2;Медия № 1031, content/solar-mc4-xt60i-cable-3-5m, snimki/, _originali/
xt60iiiiid_1.png;solar-mc4-xt60i-cable-3-5m-3.png;продукт solar-mc4-xt60i-cable-3-5m — галерия 3;Медия № 1032, content/solar-mc4-xt60i-cable-3-5m, snimki/, _originali/
xt60iiiid_1.png;solar-mc4-xt60i-cable-3-5m-4.png;продукт solar-mc4-xt60i-cable-3-5m — галерия 4;Медия № 1033, content/solar-mc4-xt60i-cable-3-5m, snimki/, _originali/
xt60iiid_1.png;solar-mc4-xt60i-cable-3-5m-5.png;продукт solar-mc4-xt60i-cable-3-5m — галерия 5;Медия № 1034, content/solar-mc4-xt60i-cable-3-5m, snimki/, _originali/
xt60iid_1.png;solar-mc4-xt60i-cable-3-5m-6.png;продукт solar-mc4-xt60i-cable-3-5m — галерия 6;Медия № 1035, content/solar-mc4-xt60i-cable-3-5m, snimki/, _originali/
xt60id_1.png;solar-mc4-xt60i-cable-3-5m-7.png;продукт solar-mc4-xt60i-cable-3-5m — галерия 7;Медия № 1036, content/solar-mc4-xt60i-cable-3-5m, snimki/, _originali/
xt60iiiiiiiid_1.png;solar-mc4-xt60i-cable-3-5m-8.png;продукт solar-mc4-xt60i-cable-3-5m — галерия 8;Медия № 1037, content/solar-mc4-xt60i-cable-3-5m, snimki/, _originali/
67629_1.png;solar-mc4-xt60i-cable-5m-1.png;продукт solar-mc4-xt60i-cable-5m — главна снимка;Медия № 1038, content/solar-mc4-xt60i-cable-5m, snimki/, _originali/
xt60iiiiiid_2.png;solar-mc4-xt60i-cable-5m-2.png;продукт solar-mc4-xt60i-cable-5m — галерия 2;Медия № 1039, content/solar-mc4-xt60i-cable-5m, snimki/, _originali/
xt60iiiiid_2.png;solar-mc4-xt60i-cable-5m-3.png;продукт solar-mc4-xt60i-cable-5m — галерия 3;Медия № 1040, content/solar-mc4-xt60i-cable-5m, snimki/, _originali/
xt60iiiid_2.png;solar-mc4-xt60i-cable-5m-4.png;продукт solar-mc4-xt60i-cable-5m — галерия 4;Медия № 1041, content/solar-mc4-xt60i-cable-5m, snimki/, _originali/
xt60iiid_2.png;solar-mc4-xt60i-cable-5m-5.png;продукт solar-mc4-xt60i-cable-5m — галерия 5;Медия № 1042, content/solar-mc4-xt60i-cable-5m, snimki/, _originali/
xt60iid_2.png;solar-mc4-xt60i-cable-5m-6.png;продукт solar-mc4-xt60i-cable-5m — галерия 6;Медия № 1043, content/solar-mc4-xt60i-cable-5m, snimki/, _originali/
xt60id_2.png;solar-mc4-xt60i-cable-5m-7.png;продукт solar-mc4-xt60i-cable-5m — галерия 7;Медия № 1044, content/solar-mc4-xt60i-cable-5m, snimki/, _originali/
xt60iiiiiiiid_2.png;solar-mc4-xt60i-cable-5m-8.png;продукт solar-mc4-xt60i-cable-5m — галерия 8;Медия № 1045, content/solar-mc4-xt60i-cable-5m, snimki/, _originali/
60696_1.webp;solar-parallel-connection-cable-1.webp;продукт solar-parallel-connection-cable — главна снимка;Медия № 1046, content/solar-parallel-connection-cable, _originali/
60696_2.webp;solar-parallel-connection-cable-2.webp;продукт solar-parallel-connection-cable — галерия 2;Медия № 1047, content/solar-parallel-connection-cable, _originali/
60696_3.png;solar-parallel-connection-cable-3.png;продукт solar-parallel-connection-cable — галерия 3;Медия № 1048, content/solar-parallel-connection-cable, snimki/, _originali/
60696_4.png;solar-parallel-connection-cable-4.png;продукт solar-parallel-connection-cable — галерия 4;Медия № 1049, content/solar-parallel-connection-cable, snimki/, _originali/
72542_1.png;stream-bkw-ac-cable-5m-1.png;продукт stream-bkw-ac-cable-5m — главна снимка;Медия № 1050, content/stream-bkw-ac-cable-5m, snimki/, _originali/
62871_1.png;super-flat-mc4-cable-1.png;продукт super-flat-mc4-cable — главна снимка;Медия № 1051, content/super-flat-mc4-cable, snimki/, _originali/
62871_2.webp;super-flat-mc4-cable-2.webp;продукт super-flat-mc4-cable — галерия 2;Медия № 1052, content/super-flat-mc4-cable, _originali/
62871_3.webp;super-flat-mc4-cable-3.webp;продукт super-flat-mc4-cable — галерия 3;Медия № 1053, content/super-flat-mc4-cable, _originali/
62871_4.webp;super-flat-mc4-cable-4.webp;продукт super-flat-mc4-cable — галерия 4;Медия № 1054, content/super-flat-mc4-cable, _originali/
65178_1.png;adjustable-ground-suspended-solar-bracket-1.png;продукт adjustable-ground-suspended-solar-bracket — главна снимка;Медия № 1055, content/adjustable-ground-suspended-solar-bracket, snimki/, _originali/
65178_2.png;adjustable-ground-suspended-solar-bracket-2.png;продукт adjustable-ground-suspended-solar-bracket — галерия 2;Медия № 1056, content/adjustable-ground-suspended-solar-bracket, snimki/, _originali/
65178_3.webp;adjustable-ground-suspended-solar-bracket-3.webp;продукт adjustable-ground-suspended-solar-bracket — галерия 3;Медия № 1057, content/adjustable-ground-suspended-solar-bracket, _originali/
65178_4.webp;adjustable-ground-suspended-solar-bracket-4.webp;продукт adjustable-ground-suspended-solar-bracket — галерия 4;Медия № 1058, content/adjustable-ground-suspended-solar-bracket, _originali/
65178_5.webp;adjustable-ground-suspended-solar-bracket-5.webp;продукт adjustable-ground-suspended-solar-bracket — галерия 5;Медия № 1059, content/adjustable-ground-suspended-solar-bracket, _originali/
65178_6.webp;adjustable-ground-suspended-solar-bracket-6.webp;продукт adjustable-ground-suspended-solar-bracket — галерия 6;Медия № 1060, content/adjustable-ground-suspended-solar-bracket, _originali/
65178_7.webp;adjustable-ground-suspended-solar-bracket-7.webp;продукт adjustable-ground-suspended-solar-bracket — галерия 7;Медия № 1061, content/adjustable-ground-suspended-solar-bracket, _originali/
ecoflow-alternator-charger-custom-fit-output-cable-2m_1_.png;alternator-charger-custom-fit-output-cable-2m-1.png;продукт alternator-charger-custom-fit-output-cable-2m — главна снимка;Медия № 1062, content/alternator-charger-custom-fit-output-cable-2m, snimki/, _originali/
ecoflow-alternator-charger-custom-fit-output-cable-2m-2_1_.png;alternator-charger-custom-fit-output-cable-2m-2.png;продукт alternator-charger-custom-fit-output-cable-2m — галерия 2;Медия № 1063, content/alternator-charger-custom-fit-output-cable-2m, snimki/, _originali/
4895251665988-1.png;alternator-charger-plus-1000-solar-input-cable-5m-1.png;продукт alternator-charger-plus-1000-solar-input-cable-5m — главна снимка;Медия № 1064, content/alternator-charger-plus-1000-solar-input-cable-5m, snimki/, _originali/
4895251666022-1.png;alternator-charger-plus-custom-fit-output-cable-2m-1.png;продукт alternator-charger-plus-custom-fit-output-cable-2m — главна снимка;Медия № 1065, content/alternator-charger-plus-custom-fit-output-cable-2m, snimki/, _originali/
sddled.png;alternator-charger-xt60-output-cable-1m-1.png;продукт alternator-charger-xt60-output-cable-1m — главна снимка;Медия № 1066, content/alternator-charger-xt60-output-cable-1m, snimki/, _originali/
62870_1.webp;balcony-hook-kit-1.webp;продукт balcony-hook-kit — главна снимка;Медия № 1067, content/balcony-hook-kit, _originali/
62870_2.webp;balcony-hook-kit-2.webp;продукт balcony-hook-kit — галерия 2;Медия № 1068, content/balcony-hook-kit, _originali/
62870_3.png;balcony-hook-kit-3.png;продукт balcony-hook-kit — галерия 3;Медия № 1069, content/balcony-hook-kit, snimki/, _originali/
62870_4.png;balcony-hook-kit-4.png;продукт balcony-hook-kit — галерия 4;Медия № 1070, content/balcony-hook-kit, snimki/, _originali/
ecoflow-cushion-42630390349988_2000x.png;cushion-1.png;продукт cushion — главна снимка;Медия № 1071, content/cushion, snimki/, _originali/
image_1_.webp;cushion-2.webp;продукт cushion — галерия 2;Медия № 1072, content/cushion, _originali/
image_2_.webp;cushion-3.webp;продукт cushion — галерия 3;Медия № 1073, content/cushion, _originali/
image_3_.webp;cushion-4.webp;продукт cushion — галерия 4;Медия № 1074, content/cushion, _originali/
image_4_.webp;cushion-5.webp;продукт cushion — галерия 5;Медия № 1075, content/cushion, _originali/
image.webp;cushion-6.webp;продукт cushion — галерия 6;Медия № 1076, content/cushion, _originali/
60759_1.png;delta-2-waterproof-bag-1.png;продукт delta-2-waterproof-bag — главна снимка;Медия № 1077, content/delta-2-waterproof-bag, snimki/, _originali/
60759_2.png;delta-2-waterproof-bag-2.png;продукт delta-2-waterproof-bag — галерия 2;Медия № 1078, content/delta-2-waterproof-bag, snimki/, _originali/
60759_3.png;delta-2-waterproof-bag-3.png;продукт delta-2-waterproof-bag — галерия 3;Медия № 1079, content/delta-2-waterproof-bag, snimki/, _originali/
60759_4.png;delta-2-waterproof-bag-4.png;продукт delta-2-waterproof-bag — галерия 4;Медия № 1080, content/delta-2-waterproof-bag, snimki/, _originali/
72940-1.png;delta-3-extra-battery-cable-1.png;продукт delta-3-extra-battery-cable — главна снимка;Медия № 1081, content/delta-3-extra-battery-cable, snimki/, _originali/
72940-2.png;delta-3-extra-battery-cable-2.png;продукт delta-3-extra-battery-cable — галерия 2;Медия № 1082, content/delta-3-extra-battery-cable, snimki/, _originali/
72940-3.png;delta-3-extra-battery-cable-3.png;продукт delta-3-extra-battery-cable — галерия 3;Медия № 1083, content/delta-3-extra-battery-cable, snimki/, _originali/
72428_1.png;delta-3-series-waterproof-bag-1.png;продукт delta-3-series-waterproof-bag — главна снимка;Медия № 1084, content/delta-3-series-waterproof-bag, snimki/, _originali/
72428_2.png;delta-3-series-waterproof-bag-2.png;продукт delta-3-series-waterproof-bag — галерия 2;Медия № 1085, content/delta-3-series-waterproof-bag, snimki/, _originali/
72428_3.png;delta-3-series-waterproof-bag-3.png;продукт delta-3-series-waterproof-bag — галерия 3;Медия № 1086, content/delta-3-series-waterproof-bag, snimki/, _originali/
72428_4.png;delta-3-series-waterproof-bag-4.png;продукт delta-3-series-waterproof-bag — галерия 4;Медия № 1087, content/delta-3-series-waterproof-bag, snimki/, _originali/
72428_5.png;delta-3-series-waterproof-bag-5.png;продукт delta-3-series-waterproof-bag — галерия 5;Медия № 1088, content/delta-3-series-waterproof-bag, snimki/, _originali/
60760_1.png;delta-max-waterproof-bag-1.png;продукт delta-max-waterproof-bag — главна снимка;Медия № 1089, content/delta-max-waterproof-bag, snimki/, _originali/
60760_2.png;delta-max-waterproof-bag-2.png;продукт delta-max-waterproof-bag — галерия 2;Медия № 1090, content/delta-max-waterproof-bag, snimki/, _originali/
60760_3.png;delta-max-waterproof-bag-3.png;продукт delta-max-waterproof-bag — галерия 3;Медия № 1091, content/delta-max-waterproof-bag, snimki/, _originali/
60760_4.png;delta-max-waterproof-bag-4.png;продукт delta-max-waterproof-bag — галерия 4;Медия № 1092, content/delta-max-waterproof-bag, snimki/, _originali/
60703_1.png;delta-pro-to-smart-generator-adapter-1.png;продукт delta-pro-to-smart-generator-adapter — главна снимка;Медия № 1093, content/delta-pro-to-smart-generator-adapter, snimki/, _originali/
60703_2.png;delta-pro-to-smart-generator-adapter-2.png;продукт delta-pro-to-smart-generator-adapter — галерия 2;Медия № 1094, content/delta-pro-to-smart-generator-adapter, snimki/, _originali/
60703_3.png;delta-pro-to-smart-generator-adapter-3.png;продукт delta-pro-to-smart-generator-adapter — галерия 3;Медия № 1095, content/delta-pro-to-smart-generator-adapter, snimki/, _originali/
60703_4.png;delta-pro-to-smart-generator-adapter-4.png;продукт delta-pro-to-smart-generator-adapter — галерия 4;Медия № 1096, content/delta-pro-to-smart-generator-adapter, snimki/, _originali/
60711_1.png;ev-x-stream-adapter-delta-pro-1.png;продукт ev-x-stream-adapter-delta-pro — главна снимка;Медия № 1097, content/ev-x-stream-adapter-delta-pro, snimki/, _originali/
60711_2.png;ev-x-stream-adapter-delta-pro-2.png;продукт ev-x-stream-adapter-delta-pro — галерия 2;Медия № 1098, content/ev-x-stream-adapter-delta-pro, snimki/, _originali/
60711_3.png;ev-x-stream-adapter-delta-pro-3.png;продукт ev-x-stream-adapter-delta-pro — галерия 3;Медия № 1099, content/ev-x-stream-adapter-delta-pro, snimki/, _originali/
60711_4.png;ev-x-stream-adapter-delta-pro-4.png;продукт ev-x-stream-adapter-delta-pro — галерия 4;Медия № 1100, content/ev-x-stream-adapter-delta-pro, snimki/, _originali/
60711_5.png;ev-x-stream-adapter-delta-pro-5.png;продукт ev-x-stream-adapter-delta-pro — галерия 5;Медия № 1101, content/ev-x-stream-adapter-delta-pro, snimki/, _originali/
60698_1.png;extra-battery-cable-1m-1.png;продукт extra-battery-cable-1m — главна снимка;Медия № 1102, content/extra-battery-cable-1m, snimki/, _originali/
60698_2.png;extra-battery-cable-1m-2.png;продукт extra-battery-cable-1m — галерия 2;Медия № 1103, content/extra-battery-cable-1m, snimki/, _originali/
60698_3.png;extra-battery-cable-1m-3.png;продукт extra-battery-cable-1m — галерия 3;Медия № 1104, content/extra-battery-cable-1m, snimki/, _originali/
71876_1.png;foldable-camping-chair-1.png;продукт foldable-camping-chair — главна снимка;Медия № 1105, content/foldable-camping-chair, snimki/, _originali/
71876_2.png;foldable-camping-chair-2.png;продукт foldable-camping-chair — галерия 2;Медия № 1106, content/foldable-camping-chair, snimki/, _originali/
62276_1_2.png;glacier-detachable-wheels-and-lever-1.png;продукт glacier-detachable-wheels-and-lever — главна снимка;Медия № 1107, content/glacier-detachable-wheels-and-lever, snimki/, _originali/
62276_2_2.png;glacier-detachable-wheels-and-lever-2.png;продукт glacier-detachable-wheels-and-lever — галерия 2;Медия № 1108, content/glacier-detachable-wheels-and-lever, snimki/, _originali/
untitled-1_1_18_1.png;grounding-adapter-c20-1.png;продукт grounding-adapter-c20 — главна снимка;Медия № 1109, content/grounding-adapter-c20, snimki/, _originali/
60823_2_1.png;grounding-adapter-c20-2.png;продукт grounding-adapter-c20 — галерия 2;Медия № 1110, content/grounding-adapter-c20, snimki/, _originali/
ecoflow-handtruck-59419228504407_2000x.png;mobile-gear-dolly-1.png;продукт mobile-gear-dolly — главна снимка;Медия № 1111, content/mobile-gear-dolly, snimki/, _originali/
ecoflow-handtruck-59419228733783_1066x.png;mobile-gear-dolly-2.png;продукт mobile-gear-dolly — галерия 2;Медия № 1112, content/mobile-gear-dolly, snimki/, _originali/
61pu3rkebsl._ac_sx679_.webp;mobile-gear-dolly-3.webp;продукт mobile-gear-dolly — галерия 3;Медия № 1113, content/mobile-gear-dolly, _originali/
51rtud77ihl._ac_sx679_.webp;mobile-gear-dolly-4.webp;продукт mobile-gear-dolly — галерия 4;Медия № 1114, content/mobile-gear-dolly, _originali/
untitldsdsed.webp;mobile-gear-dolly-5.webp;продукт mobile-gear-dolly — галерия 5;Медия № 1115, content/mobile-gear-dolly, _originali/
ecoflow-power-hat-59432080277847.webp;power-hat-l-xl-1.webp;продукт power-hat-l-xl — главна снимка;Медия № 1116, content/power-hat-l-xl, content/power-hat-m-l, _originali/
ecoflow-power-hat-59432080212311.webp;power-hat-l-xl-2.webp;продукт power-hat-l-xl — галерия 2;Медия № 1117, content/power-hat-l-xl, content/power-hat-m-l, _originali/
ecoflow-power-hat-59432080343383.webp;power-hat-l-xl-3.webp;продукт power-hat-l-xl — галерия 3;Медия № 1118, content/power-hat-l-xl, content/power-hat-m-l, _originali/
ecoflow-power-hat-59432080408919.webp;power-hat-l-xl-4.webp;продукт power-hat-l-xl — галерия 4;Медия № 1119, content/power-hat-l-xl, content/power-hat-m-l, _originali/
ecoflow-power-hat-59432080474455.webp;power-hat-l-xl-5.webp;продукт power-hat-l-xl — галерия 5;Медия № 1120, content/power-hat-l-xl, content/power-hat-m-l, _originali/
1_1_1c59be88-acb7-4aa2-953a-def71da1c7d5.jpg;power-hat-l-xl-pregled-1.jpg;"продукт power-hat-l-xl — секция „Преглед""";Медия № 1121, content/power-hat-l-xl, content/power-hat-m-l, snimki/, _originali/
pt_pc_2_1.jpg;power-hat-l-xl-razmeri-1.jpg;"продукт power-hat-l-xl — секция „Размери""";Медия № 1122, content/power-hat-l-xl, content/power-hat-m-l, snimki/, _originali/
111.webp;power-hat-l-xl-pokritie-na-360-1.webp;"продукт power-hat-l-xl — секция „Покритие на 360°""";Медия № 1123, content/power-hat-l-xl, content/power-hat-m-l, _originali/
222.webp;power-hat-l-xl-dva-porta-dve-ustroystva-1.webp;"продукт power-hat-l-xl — секция „Два порта две устройства""";Медия № 1124, content/power-hat-l-xl, content/power-hat-m-l, _originali/
pt_pc_3_1.webp;power-hat-l-xl-upf50-zashtita-ot-slance-1.webp;"продукт power-hat-l-xl — секция „UPF50+, защита от слънце""";Медия № 1125, content/power-hat-l-xl, content/power-hat-m-l, _originali/
pt_pc_4_1.jpg;power-hat-l-xl-poveche-energiya-po-malko-toplina-1.jpg;"продукт power-hat-l-xl — секция „Повече енергия, по-малко топлина""";Медия № 1126, content/power-hat-l-xl, content/power-hat-m-l, snimki/, _originali/
444.webp;power-hat-l-xl-sgavaema-lesna-za-nosene-1.webp;"продукт power-hat-l-xl — секция „Сгъваема, лесна за носене""";Медия № 1127, content/power-hat-l-xl, content/power-hat-m-l, _originali/
333.webp;power-hat-l-xl-ip65-vodo-i-prahoustoychiva-1.webp;"продукт power-hat-l-xl — секция „IP65 водо- и прахоустойчива""";Медия № 1128, content/power-hat-l-xl, content/power-hat-m-l, _originali/
pt_pc_5_1.jpg;power-hat-l-xl-za-vsyakakvi-priklyucheniya-1.jpg;"продукт power-hat-l-xl — секция „За всякакви приключения""";Медия № 1129, content/power-hat-l-xl, content/power-hat-m-l, snimki/, _originali/
pt_pc_6_1.jpg;power-hat-l-xl-kakvo-ima-v-kutiyata-1.jpg;"продукт power-hat-l-xl — секция „Какво има в кутията""";Медия № 1130, content/power-hat-l-xl, content/power-hat-m-l, snimki/, _originali/
70357_1_1.png;rapid-gan-charger-65w-1.png;продукт rapid-gan-charger-65w — главна снимка;Медия № 1131, content/rapid-gan-charger-65w, snimki/, _originali/
70357_2_1.webp;rapid-gan-charger-65w-2.webp;продукт rapid-gan-charger-65w — галерия 2;Медия № 1132, content/rapid-gan-charger-65w, _originali/
61566_1.png;rigid-solar-panel-mounting-feet-1.png;продукт rigid-solar-panel-mounting-feet — главна снимка;Медия № 1133, content/rigid-solar-panel-mounting-feet, snimki/, _originali/
61566_2.png;rigid-solar-panel-mounting-feet-2.png;продукт rigid-solar-panel-mounting-feet — галерия 2;Медия № 1134, content/rigid-solar-panel-mounting-feet, snimki/, _originali/
61566_3.webp;rigid-solar-panel-mounting-feet-3.webp;продукт rigid-solar-panel-mounting-feet — галерия 3;Медия № 1135, content/rigid-solar-panel-mounting-feet, _originali/
60758_1.webp;river-bag-1.webp;продукт river-bag — главна снимка;Медия № 1136, content/river-bag, _originali/
60758_2.webp;river-bag-2.webp;продукт river-bag — галерия 2;Медия № 1137, content/river-bag, _originali/
60758_3.webp;river-bag-3.webp;продукт river-bag — галерия 3;Медия № 1138, content/river-bag, _originali/
60758_4.webp;river-bag-4.webp;продукт river-bag — галерия 4;Медия № 1139, content/river-bag, _originali/
60758_5.png;river-bag-5.png;продукт river-bag — галерия 5;Медия № 1140, content/river-bag, snimki/, _originali/
ecoflow-shower-kit-komplekt-dush-pompa-i-sgyvaema-kofa-za-ecoflow-wave1.png;shower-kit-1.png;продукт shower-kit — главна снимка;Медия № 1141, content/shower-kit, snimki/, _originali/
ecoflow-shower-kit-komplekt-dush-pompa-i-sgyvaema-kofa-za-ecoflow-wave.png;shower-kit-2.png;продукт shower-kit — галерия 2;Медия № 1142, content/shower-kit, snimki/, _originali/
ecoflow-shower-kit-komplekt-dush-pompa-i-sgyvaema-kofa-za-ecoflow-wave3.webp;shower-kit-3.webp;продукт shower-kit — галерия 3;Медия № 1143, content/shower-kit, _originali/
ecoflow-single-axis-solar-tracker-1175973237.webp;single-axis-solar-tracker-1.webp;продукт single-axis-solar-tracker — главна снимка;Медия № 1144, content/single-axis-solar-tracker, _originali/
ecoflow-single-axis-solar-tracker-1175973239.webp;single-axis-solar-tracker-2.webp;продукт single-axis-solar-tracker — галерия 2;Медия № 1145, content/single-axis-solar-tracker, _originali/
ecoflow-single-axis-solar-tracker-1175973238.webp;single-axis-solar-tracker-3.webp;продукт single-axis-solar-tracker — галерия 3;Медия № 1146, content/single-axis-solar-tracker, _originali/
ecoflow-single-axis-solar-tracker-1175973236.webp;single-axis-solar-tracker-4.webp;продукт single-axis-solar-tracker — галерия 4;Медия № 1147, content/single-axis-solar-tracker, _originali/
ecoflow-single-axis-solar-tracker-51173854773591.webp;single-axis-solar-tracker-5.webp;продукт single-axis-solar-tracker — галерия 5;Медия № 1148, content/single-axis-solar-tracker, _originali/
ecoflow-single-axis-solar-tracker-51055940763991.webp;single-axis-solar-tracker-6.webp;продукт single-axis-solar-tracker — галерия 6;Медия № 1149, content/single-axis-solar-tracker, _originali/
ecoflow-single-axis-solar-tracker-51055916122455.webp;single-axis-solar-tracker-7.webp;продукт single-axis-solar-tracker — галерия 7;Медия № 1150, content/single-axis-solar-tracker, _originali/
ecoflow-single-axis-solar-tracker-51055916548439.webp;single-axis-solar-tracker-8.webp;продукт single-axis-solar-tracker — галерия 8;Медия № 1151, content/single-axis-solar-tracker, _originali/
ecoflow-single-axis-solar-tracker-51055955476823.png;single-axis-solar-tracker-9.png;продукт single-axis-solar-tracker — галерия 9;Медия № 1152, content/single-axis-solar-tracker, snimki/, _originali/
ecoflow-single-axis-solar-tracker-51055916155223.webp;single-axis-solar-tracker-10.webp;продукт single-axis-solar-tracker — галерия 10;Медия № 1153, content/single-axis-solar-tracker, _originali/
single_axis_solar_tracker_pc_1.jpg;single-axis-solar-tracker-pregled-1.jpg;"продукт single-axis-solar-tracker — секция „Преглед""";Медия № 1154, content/single-axis-solar-tracker, snimki/, _originali/
single_axis_solar_tracker_pc_2.jpg;single-axis-solar-tracker-poveche-energiya-ot-po-malko-1.jpg;"продукт single-axis-solar-tracker — секция „Повече енергия от по-малко""";Медия № 1155, content/single-axis-solar-tracker, snimki/, _originali/
single_axis_solar_tracker_4.webp;single-axis-solar-tracker-po-dobro-energospestyavashto-reshenie-1.webp;"продукт single-axis-solar-tracker — секция „По-добро енергоспестяващо решение""";Медия № 1156, content/single-axis-solar-tracker, _originali/
single_axis_solar_tracker_5.webp;single-axis-solar-tracker-maksimalna-efektivnost-1.webp;"продукт single-axis-solar-tracker — секция „Максимална ефективност""";Медия № 1157, content/single-axis-solar-tracker, _originali/
single_axis_solar_tracker_6.webp;single-axis-solar-tracker-umno-upravlenie-1.webp;"продукт single-axis-solar-tracker — секция „Умно управление""";Медия № 1158, content/single-axis-solar-tracker, _originali/
single_axis_solar_tracker_pc_7.jpg;single-axis-solar-tracker-nadezhdna-rabota-i-sigurnost-1.jpg;"продукт single-axis-solar-tracker — секция „Надеждна работа и сигурност""";Медия № 1159, content/single-axis-solar-tracker, snimki/, _originali/
single_axis_solar_tracker_9.webp;single-axis-solar-tracker-kakvo-ima-v-kutiyata-1.webp;"продукт single-axis-solar-tracker — секция „Какво има в кутията""";Медия № 1160, content/single-axis-solar-tracker, _originali/
60766_1.png;solar-angle-guide-1.png;продукт solar-angle-guide — главна снимка;Медия № 1161, content/solar-angle-guide, snimki/, _originali/
60766_2.png;solar-angle-guide-2.png;продукт solar-angle-guide — галерия 2;Медия № 1162, content/solar-angle-guide, snimki/, _originali/
60766_3.webp;solar-angle-guide-3.webp;продукт solar-angle-guide — галерия 3;Медия № 1163, content/solar-angle-guide, _originali/
ecoflow_stream_ac_cable_for_ecoflow_stream_battery_1.5m_black.png;stream-ac-cable-1-5m-1.png;продукт stream-ac-cable-1-5m — главна снимка;Медия № 1164, content/stream-ac-cable-1-5m, snimki/, _originali/
ecoflow_stream_ac_cable_for_ecoflow_stream_battery_15m-1.png;stream-ac-cable-15m-1.png;продукт stream-ac-cable-15m — главна снимка;Медия № 1165, content/stream-ac-cable-15m, snimki/, _originali/
ecoflow_stream_ac_cable_for_ecoflow_stream_battery_5m-1.png;stream-ac-cable-5m-1.png;продукт stream-ac-cable-5m — главна снимка;Медия № 1166, content/stream-ac-cable-5m, snimki/, _originali/
ecoflow-stream-bkw-diy-cable-5m-svyrzvasht-kabel-za-ecoflow-stream.png;stream-bkw-diy-cable-5m-1.png;продукт stream-bkw-diy-cable-5m — главна снимка;Медия № 1167, content/stream-bkw-diy-cable-5m, snimki/, _originali/
ecoflow-stream-bkw-diy-cable-5m-svyrzvasht-kabel-za-ecoflow-stream-2.webp;stream-bkw-diy-cable-5m-2.webp;продукт stream-bkw-diy-cable-5m — галерия 2;Медия № 1168, content/stream-bkw-diy-cable-5m, _originali/
ecoflow-stream-bkw-diy-cable-5m-svyrzvasht-kabel-za-ecoflow-stream-3.png;stream-bkw-diy-cable-5m-3.png;продукт stream-bkw-diy-cable-5m — галерия 3;Медия № 1169, content/stream-bkw-diy-cable-5m, snimki/, _originali/
ecoflow-stream-bkw-diy-cable-5m-svyrzvasht-kabel-za-ecoflow-stream-4.png;stream-bkw-diy-cable-5m-4.png;продукт stream-bkw-diy-cable-5m — галерия 4;Медия № 1170, content/stream-bkw-diy-cable-5m, snimki/, _originali/
ecoflow-stream-bkw-diy-cable-5m-svyrzvasht-kabel-za-ecoflow-stream-5.png;stream-bkw-diy-cable-5m-5.png;продукт stream-bkw-diy-cable-5m — галерия 5;Медия № 1171, content/stream-bkw-diy-cable-5m, snimki/, _originali/
61576_1.png;tilt-mount-bracket-28-1.png;продукт tilt-mount-bracket-28 — главна снимка;Медия № 1172, content/tilt-mount-bracket-28, snimki/, _originali/
61576_.png;tilt-mount-bracket-28-2.png;продукт tilt-mount-bracket-28 — галерия 2;Медия № 1173, content/tilt-mount-bracket-28, snimki/, _originali/
61576_3.webp;tilt-mount-bracket-28-3.webp;продукт tilt-mount-bracket-28 — галерия 3;Медия № 1174, content/tilt-mount-bracket-28, _originali/
61576_4.png;tilt-mount-bracket-28-4.png;продукт tilt-mount-bracket-28 — галерия 4;Медия № 1175, content/tilt-mount-bracket-28, snimki/, _originali/
efb-trail200-300-bag-1.png;trail-series-waterproof-bag-1.png;продукт trail-series-waterproof-bag — главна снимка;Медия № 1176, content/trail-series-waterproof-bag, snimki/, _originali/
efb-trail200-300-bag-2.png;trail-series-waterproof-bag-2.png;продукт trail-series-waterproof-bag — галерия 2;Медия № 1177, content/trail-series-waterproof-bag, snimki/, _originali/
efb-trail200-300-bag-3.png;trail-series-waterproof-bag-3.png;продукт trail-series-waterproof-bag — галерия 3;Медия № 1178, content/trail-series-waterproof-bag, snimki/, _originali/
efb-trail200-300-bag-4.png;trail-series-waterproof-bag-4.png;продукт trail-series-waterproof-bag — галерия 4;Медия № 1179, content/trail-series-waterproof-bag, snimki/, _originali/
efb-trail200-300-bag-5.webp;trail-series-waterproof-bag-5.webp;продукт trail-series-waterproof-bag — галерия 5;Медия № 1180, content/trail-series-waterproof-bag, _originali/
efb-trail200-300-bag-6.webp;trail-series-waterproof-bag-6.webp;продукт trail-series-waterproof-bag — галерия 6;Медия № 1181, content/trail-series-waterproof-bag, _originali/
ecoflow_trolley_delta_pro_ultra-1.png;trolley-delta-pro-ultra-1.png;продукт trolley-delta-pro-ultra — главна снимка;Медия № 1182, content/trolley-delta-pro-ultra, snimki/, _originali/
ecoflow_trolley_delta_pro_ultra-2.png;trolley-delta-pro-ultra-2.png;продукт trolley-delta-pro-ultra — галерия 2;Медия № 1183, content/trolley-delta-pro-ultra, snimki/, _originali/
ecoflow_trolley_delta_pro_ultra-3.webp;trolley-delta-pro-ultra-3.webp;продукт trolley-delta-pro-ultra — галерия 3;Медия № 1184, content/trolley-delta-pro-ultra, _originali/
72546_ecoflow-wave-3-add-on-battery-1.png;wave-3-add-on-battery-1.png;продукт wave-3-add-on-battery — главна снимка;Медия № 1185, content/wave-3-add-on-battery, snimki/, _originali/
72546_ecoflow-wave-3-add-on-battery-2.png;wave-3-add-on-battery-2.png;продукт wave-3-add-on-battery — галерия 2;Медия № 1186, content/wave-3-add-on-battery, snimki/, _originali/
72546_ecoflow-wave-3-add-on-battery-3.png;wave-3-add-on-battery-3.png;продукт wave-3-add-on-battery — галерия 3;Медия № 1187, content/wave-3-add-on-battery, snimki/, _originali/
72546_ecoflow-wave-3-add-on-battery-4.png;wave-3-add-on-battery-4.png;продукт wave-3-add-on-battery — галерия 4;Медия № 1188, content/wave-3-add-on-battery, snimki/, _originali/
wave31111_1.png;wave-3-add-on-battery-5.png;продукт wave-3-add-on-battery — галерия 5;Медия № 1189, content/wave-3-add-on-battery, snimki/, _originali/
wave3111_2.png;wave-3-add-on-battery-6.png;продукт wave-3-add-on-battery — галерия 6;Медия № 1190, content/wave-3-add-on-battery, snimki/, _originali/
wave311_1.png;wave-3-add-on-battery-7.png;продукт wave-3-add-on-battery — галерия 7;Медия № 1191, content/wave-3-add-on-battery, snimki/, _originali/
wave31_1.png;wave-3-add-on-battery-8.png;продукт wave-3-add-on-battery — галерия 8;Медия № 1192, content/wave-3-add-on-battery, snimki/, _originali/
wave3_1.png;wave-3-add-on-battery-9.png;продукт wave-3-add-on-battery — галерия 9;Медия № 1193, content/wave-3-add-on-battery, snimki/, _originali/
ecoflow_wave_3_car_vent_seal_magnetic_version_black-1.png;wave-3-car-vent-seal-1.png;продукт wave-3-car-vent-seal — главна снимка;Медия № 1194, content/wave-3-car-vent-seal, snimki/, _originali/
ecoflow_wave_3_car_vent_seal_magnetic_version_black-2.png;wave-3-car-vent-seal-2.png;продукт wave-3-car-vent-seal — галерия 2;Медия № 1195, content/wave-3-car-vent-seal, snimki/, _originali/
72886_ecoflow-wave-3-drain-pipe-.png;wave-3-drain-pipe-1.png;продукт wave-3-drain-pipe — главна снимка;Медия № 1196, content/wave-3-drain-pipe, snimki/, _originali/
72884_ecoflow-wave-3-insulated-exhaust-pipe.png;wave-3-inlet-exhaust-pipe-154mm-1.png;продукт wave-3-inlet-exhaust-pipe-154mm — главна снимка;Медия № 1197, content/wave-3-inlet-exhaust-pipe-154mm, snimki/, _originali/
72885_ecoflow-wave-3-outlet-insulated-exhaust-pipe.png;wave-3-outlet-exhaust-pipe-129mm-1.png;продукт wave-3-outlet-exhaust-pipe-129mm — главна снимка;Медия № 1198, content/wave-3-outlet-exhaust-pipe-129mm, snimki/, _originali/
portativen-klimatik-v-prevozni-sredstva-cheren_1.png;wave-stabilizing-strap-kit-1.png;продукт wave-stabilizing-strap-kit — главна снимка;Медия № 1199, content/wave-stabilizing-strap-kit, snimki/, _originali/
portativen-klimatik-v-prevozni-sredstva-cheren_2.png;wave-stabilizing-strap-kit-2.png;продукт wave-stabilizing-strap-kit — галерия 2;Медия № 1200, content/wave-stabilizing-strap-kit, snimki/, _originali/
delta-2-max-lfp-himiya-do-6-pati-po-dalag-zhivot-1.webp;delta-2-max-lfp-himiya-do-6-1.webp;"продукт delta-2-max — секция „LFP химия до 6""";Медия № 1214, content/delta-2-max, _originali/
delta-2-max-zahranva-99-ot-uredite-1.webp;delta-2-max-moshtnost-1.webp;"продукт delta-2-max — секция „Мощност""";Медия № 1220, content/delta-2-max, _originali/
delta-2-max-2048wh-za-vsyaka-situaciya-1.webp;delta-2-max-prilozheniya-1.webp;"продукт delta-2-max — секция „Приложения""";Медия № 1221, content/delta-2-max, _originali/, za-prevod/
delta-2-max-2048wh-za-vsyaka-situaciya-2.webp;delta-2-max-prilozheniya-2.webp;"продукт delta-2-max — секция „Приложения""";Медия № 1222, content/delta-2-max, _originali/, za-prevod/
delta-2-max-2048wh-za-vsyaka-situaciya-3.webp;delta-2-max-prilozheniya-3.webp;"продукт delta-2-max — секция „Приложения""";Медия № 1223, content/delta-2-max, _originali/, za-prevod/
delta-2-max-2048wh-za-vsyaka-situaciya-4.webp;delta-2-max-prilozheniya-4.webp;"продукт delta-2-max — секция „Приложения""";Медия № 1224, content/delta-2-max, _originali/, za-prevod/
delta-2-max-razshiryavane-do-6-kwh-1.webp;delta-2-max-razshiryavane-1.webp;"продукт delta-2-max — секция „Разширяване""";Медия № 1225, content/delta-2-max, _originali/
delta-2-max-do-80-za-43-minuti-1.webp;delta-2-max-zarezhdane-1.webp;"продукт delta-2-max — секция „Зареждане""";Медия № 1226, content/delta-2-max, _originali/
delta-2-max-dva-solarni-vhoda-do-1000w-1.webp;delta-2-max-dva-solarni-vhoda-do-1.webp;"продукт delta-2-max — секция „Два соларни входа, до""";Медия № 1227, content/delta-2-max, _originali/
ecoflow-logo.webp;ecoflow-logo-2.webp;глобал site-settings — logoDark;Медия № 95
ecoflow-logo-header.png;ecoflow-logo.png;глобал header — logo;Медия № 1233
kategoriya-portativni-elektrocentrali.png;portativni-elektrocentrali-ecoflow.png;categories portativni-elektrocentrali — icon;Медия № 1236
kategoriya-domashni-sistemi.png;domashni-sistemi.png;categories domashni-sistemi — icon;Медия № 1237
kategoriya-solarni-paneli.png;solarni-paneli-ecoflow.png;categories solarni-paneli — icon;Медия № 1238
kategoriya-umni-ustroystva.png;ecoflow-wave-glacier.png;categories umni-ustroystva — icon;Медия № 1239
kategoriya-aksesoari.png;aksesoari-ecoflow.png;categories aksesoari — icon;Медия № 1240
kategoriya-stream-seriya.png;ecoflow-stream-seriya.png;categories stream-seriya — icon;Медия № 1241
Delta 3 Classic.webp;zahranvane-na-otkrito.webp;pages home — layout;Медия № 1242
Autumn 2 Ecoflow.jpeg;autumn-ecoflow-products.jpeg;pages home — layout;Медия № 1243
rakovodstvo-portativni-elektrocentrali-pregled-1.jpg;portativni-elektrocentrali-ecoflow-na-kamping-sred-prirodata.jpg;pages rakovodstvo-portativni-elektrocentrali — layout;Медия № 1244, _originali/
rakovodstvo-portativni-elektrocentrali-pregled-2.jpg;portativni-elektrocentrali-ecoflow-na-kamping-sred-prirodata-2.jpg;pages rakovodstvo-portativni-elektrocentrali — layout;Медия № 1245, _originali/
rakovodstvo-portativni-elektrocentrali-vkashti-1.webp;zarezhdane-na-tablet-ot-portativna-elektrocentrala-vkashti.webp;pages rakovodstvo-portativni-elektrocentrali — layout;Медия № 1246, _originali/
rakovodstvo-portativni-elektrocentrali-izvan-mrezhata-1.webp;portativna-elektrocentrala-kray-lageren-ogan.webp;pages rakovodstvo-portativni-elektrocentrali — layout;Медия № 1247, _originali/
rakovodstvo-portativni-elektrocentrali-kak-raboti-1.webp;kak-portativnata-elektrocentrala-zahranva-doma-sas-solarni.webp;pages rakovodstvo-portativni-elektrocentrali — layout;Медия № 1248, _originali/
rakovodstvo-portativni-elektrocentrali-na-otkrito-1.webp;piknik-sred-prirodata-s-portativna-elektrocentrala-ecoflow.webp;pages rakovodstvo-portativni-elektrocentrali — layout;Медия № 1249, _originali/
rakovodstvo-portativni-elektrocentrali-kak-raboti-2.webp;kak-portativnata-elektrocentrala-zahranva-doma-sas-solarni-2.webp;pages rakovodstvo-portativni-elektrocentrali — layout;Медия № 1250, _originali/
rakovodstvo-portativni-elektrocentrali-vkashti-2.webp;zarezhdane-na-tablet-ot-portativna-elektrocentrala-vkashti-2.webp;pages rakovodstvo-portativni-elektrocentrali — layout;Медия № 1251, _originali/
rakovodstvo-portativni-elektrocentrali-izvan-mrezhata-2.webp;portativna-elektrocentrala-kray-lageren-ogan-2.webp;pages rakovodstvo-portativni-elektrocentrali — layout;Медия № 1252, _originali/
rakovodstvo-portativni-elektrocentrali-na-otkrito-2.webp;piknik-sred-prirodata-s-portativna-elektrocentrala-ecoflow-2.webp;pages rakovodstvo-portativni-elektrocentrali — layout;Медия № 1253, _originali/
rakovodstvo-portativni-elektrocentrali-zashto-ecoflow-1.webp;zarezhdane-na-ustroystva-ot-portativna-elektrocentrala.webp;pages rakovodstvo-portativni-elektrocentrali — layout;Медия № 1254, _originali/
rakovodstvo-portativni-elektrocentrali-zashto-ecoflow-2.webp;zarezhdane-na-ustroystva-ot-portativna-elektrocentrala-2.webp;pages rakovodstvo-portativni-elektrocentrali — layout;Медия № 1255, _originali/
rakovodstvo-portativni-elektrocentrali-rezervno-zahranvane-1.webp;portativna-elektrocentrala-ecoflow-delta-do-legloto-po.webp;pages rakovodstvo-portativni-elektrocentrali — layout;Медия № 1256, _originali/
rakovodstvo-portativni-elektrocentrali-rezervno-zahranvane-2.webp;portativna-elektrocentrala-ecoflow-delta-do-legloto-po-2.webp;pages rakovodstvo-portativni-elektrocentrali — layout;Медия № 1257, _originali/
rakovodstvo-portativni-elektrocentrali-delta-3-classic-1.jpg;semeystvo-na-kamping-s-ecoflow-delta-3-classic.jpg;pages rakovodstvo-portativni-elektrocentrali — layout;Медия № 1258, _originali/
rakovodstvo-portativni-elektrocentrali-delta-3-classic-2.jpg;semeystvo-na-kamping-s-ecoflow-delta-3-classic-2.jpg;pages rakovodstvo-portativni-elektrocentrali — layout;Медия № 1259, _originali/
rakovodstvo-portativni-elektrocentrali-na-otkrito-3.webp;portativna-elektrocentrala-ecoflow-river-na-kamping.webp;pages rakovodstvo-portativni-elektrocentrali — layout;Медия № 1260, _originali/
rakovodstvo-portativni-elektrocentrali-na-otkrito-4.webp;portativna-elektrocentrala-ecoflow-river-na-kamping-2.webp;pages rakovodstvo-portativni-elektrocentrali — layout;Медия № 1261, _originali/
vizhte-vsichki-elektrocentrali.png;portativni-elektrocentrali-ecoflow-delta.png;pages home — layout;Медия № 1262, _originali/
6_1-Shopify_banner-PC.webp;ecoflow-delta-pro-ultra-bateriya.webp;pages home — layout;Медия № 1263
glacier-classic-protective-cover-45l-1.webp;glacier-classic-protective-cover-35l-1.webp;продукт glacier-classic-protective-cover-35l — главна снимка;Медия № 1264, content/glacier-classic-protective-cover-35l, content/glacier-classic-protective-cover-45l, _originali/
glacier-classic-protective-cover-45l-2.webp;glacier-classic-protective-cover-35l-2.webp;продукт glacier-classic-protective-cover-35l — галерия 2;Медия № 1265, content/glacier-classic-protective-cover-35l, content/glacier-classic-protective-cover-45l, _originali/
glacier-classic-protective-cover-45l-3.webp;glacier-classic-protective-cover-35l-3.webp;продукт glacier-classic-protective-cover-35l — галерия 3;Медия № 1266, content/glacier-classic-protective-cover-35l, content/glacier-classic-protective-cover-45l, _originali/
glacier-classic-protective-cover-45l-4.webp;glacier-classic-protective-cover-35l-4.webp;продукт glacier-classic-protective-cover-35l — галерия 4;Медия № 1267, content/glacier-classic-protective-cover-35l, content/glacier-classic-protective-cover-45l, _originali/
glacier-classic-protective-cover-45l-5.webp;glacier-classic-protective-cover-35l-5.webp;продукт glacier-classic-protective-cover-35l — галерия 5;Медия № 1268, content/glacier-classic-protective-cover-35l, content/glacier-classic-protective-cover-45l, _originali/
rapid-magnetic-5000-cheren-2.webp;rapid-magnetic-5000-cheren-1-2.webp;продукт rapid-magnetic-5000-cheren — главна снимка;Медия № 1299, content/rapid-magnetic-5000-cheren, _originali/
rapid-magnetic-5000-srebrist-12.webp;rapid-magnetic-5000-cheren-3.webp;продукт rapid-magnetic-5000-cheren — галерия 3;Медия № 1300, content/rapid-magnetic-5000-cheren, content/rapid-magnetic-5000-srebrist, _originali/
rapid-magnetic-5000-srebrist-13.webp;rapid-magnetic-5000-cheren-4.webp;продукт rapid-magnetic-5000-cheren — галерия 4;Медия № 1301, content/rapid-magnetic-5000-cheren, content/rapid-magnetic-5000-srebrist, _originali/
rapid-magnetic-5000-srebrist-14.webp;rapid-magnetic-5000-cheren-5.webp;продукт rapid-magnetic-5000-cheren — галерия 5;Медия № 1302, content/rapid-magnetic-5000-cheren, content/rapid-magnetic-5000-srebrist, _originali/
rapid-magnetic-5000-srebrist-x-stream-1.webp;rapid-magnetic-5000-cheren-pregled-1.webp;"продукт rapid-magnetic-5000-cheren — секция „Преглед""";Медия № 1303, content/rapid-magnetic-5000-cheren, content/rapid-magnetic-5000-srebrist, _originali/
rapid-magnetic-5000-srebrist-savmestimost-1.webp;rapid-magnetic-5000-cheren-savmestima-s-pochti-vsichko-1.webp;"продукт rapid-magnetic-5000-cheren — секция „Съвместима с почти всичко""";Медия № 1304, content/rapid-magnetic-5000-cheren, content/rapid-magnetic-5000-srebrist, _originali/
rapid-magnetic-5000-srebrist-prilozheniya-1.webp;rapid-magnetic-5000-cheren-prilozheniya-1.webp;"продукт rapid-magnetic-5000-cheren — секция „Приложения""";Медия № 1305, content/rapid-magnetic-5000-cheren, content/rapid-magnetic-5000-srebrist, _originali/
rapid-magnetic-5000-srebrist-prilozheniya-2.webp;rapid-magnetic-5000-cheren-prilozheniya-2.webp;"продукт rapid-magnetic-5000-cheren — секция „Приложения""";Медия № 1306, content/rapid-magnetic-5000-cheren, content/rapid-magnetic-5000-srebrist, _originali/
rapid-magnetic-5000-srebrist-prilozheniya-3.webp;rapid-magnetic-5000-cheren-prilozheniya-3.webp;"продукт rapid-magnetic-5000-cheren — секция „Приложения""";Медия № 1307, content/rapid-magnetic-5000-cheren, content/rapid-magnetic-5000-srebrist, _originali/
rapid-magnetic-5000-srebrist-stoyka-1.webp;rapid-magnetic-5000-cheren-stoyka-1.webp;"продукт rapid-magnetic-5000-cheren — секция „Стойка""";Медия № 1308, content/rapid-magnetic-5000-cheren, content/rapid-magnetic-5000-srebrist, _originali/
rapid-magnetic-5000-srebrist-stoyka-2.webp;rapid-magnetic-5000-cheren-zdravo-zakrepvane-i-udobna-1.webp;"продукт rapid-magnetic-5000-cheren — секция „Здраво закрепване и удобна""";Медия № 1309, content/rapid-magnetic-5000-cheren, content/rapid-magnetic-5000-srebrist, _originali/
rapid-magnetic-5000-srebrist-stoyka-3.webp;rapid-magnetic-5000-cheren-zdravo-zakrepvane-i-udobna-2.webp;"продукт rapid-magnetic-5000-cheren — секция „Здраво закрепване и удобна""";Медия № 1310, content/rapid-magnetic-5000-cheren, content/rapid-magnetic-5000-srebrist, _originali/
rapid-magnetic-5000-srebrist-zashtita-1.webp;rapid-magnetic-5000-cheren-zashtita-1.webp;"продукт rapid-magnetic-5000-cheren — секция „Защита""";Медия № 1311, content/rapid-magnetic-5000-cheren, content/rapid-magnetic-5000-srebrist, _originali/
rapid-magnetic-5000-srebrist-zashtita-2.webp;rapid-magnetic-5000-cheren-unikalna-konstrukciya-za-niska-1.webp;"продукт rapid-magnetic-5000-cheren — секция „Уникална конструкция за ниска""";Медия № 1312, content/rapid-magnetic-5000-cheren, content/rapid-magnetic-5000-srebrist, _originali/
rapid-magnetic-5000-srebrist-zashtita-3.webp;rapid-magnetic-5000-cheren-vinagi-gotova-1.webp;"продукт rapid-magnetic-5000-cheren — секция „Винаги готова""";Медия № 1313, content/rapid-magnetic-5000-cheren, content/rapid-magnetic-5000-srebrist, _originali/
rapid-magnetic-5000-srebrist-5.webp;rapid-magnetic-5000-srebrist-1-2.webp;продукт rapid-magnetic-5000-srebrist — главна снимка;Медия № 1314, content/rapid-magnetic-5000-srebrist, _originali/
rapid-magnetic-5000-srebrist-6.webp;rapid-magnetic-5000-srebrist-2-2.webp;продукт rapid-magnetic-5000-srebrist — галерия 2;Медия № 1315, content/rapid-magnetic-5000-srebrist, _originali/
rapid-magnetic-5000-srebrist-7.webp;rapid-magnetic-5000-srebrist-3-2.webp;продукт rapid-magnetic-5000-srebrist — галерия 3;Медия № 1316, content/rapid-magnetic-5000-srebrist, _originali/
rapid-magnetic-5000-srebrist-8.webp;rapid-magnetic-5000-srebrist-4-2.webp;продукт rapid-magnetic-5000-srebrist — галерия 4;Медия № 1317, content/rapid-magnetic-5000-srebrist, _originali/
rapid-magnetic-5000-srebrist-9.webp;rapid-magnetic-5000-srebrist-5.webp;продукт rapid-magnetic-5000-srebrist — галерия 5;Медия № 1318, content/rapid-magnetic-5000-srebrist
rapid-magnetic-5000-srebrist-10.webp;rapid-magnetic-5000-srebrist-6.webp;продукт rapid-magnetic-5000-srebrist — галерия 6;Медия № 1319, content/rapid-magnetic-5000-srebrist
rapid-magnetic-5000-srebrist-11.webp;rapid-magnetic-5000-srebrist-7.webp;продукт rapid-magnetic-5000-srebrist — галерия 7;Медия № 1320, content/rapid-magnetic-5000-srebrist
